"Year","Plot","Treat.Code","Species","PC.F","PC.G","PC.s13","Subplot","germ.tot","germ.proj","tot.mort","viable","p.mort","p.germ","n.seed.ind","cov.g","Count","avg.num.per.sub","p.surv","L.sb","L.sa","L.seeds","L"
2016,5,"W","Agoseris heterophylla",-0.876427664975023,-0.715725194710067,-2.31764141783942,"No Grass",31,29,6,95,0.206896551724138,0.326315789473684,86.58647483472,NA,0,95,0,0,0.258802177858439,22.4087682603105,22.4087682603105
2016,5,"W","Agoseris heterophylla",-0.876427664975023,-0.715725194710067,-2.31764141783942,"Grass",52,29,8,95,0.275862068965517,0.547368421052632,26.8832933698334,30,0,95,0,0,0.396370235934664,10.6557373357016,10.6557373357016
2016,5,"W","Clarkia purpurea",0.605290877224273,0.563663236086071,1.08410568900997,"Grass",36,24,9,96,0.375,0.375,9.40303030627273,30,75,96,0.78125,0.48828125,0.234375,2.20383522803267,2.69211647803267
2016,5,"W","Clarkia purpurea",0.605290877224273,0.563663236086071,1.08410568900997,"No Grass",41,28,6,96,0.214285714285714,0.427083333333333,43.57733334836,NA,75,96,0.78125,0.447591145833333,0.335565476190476,14.6230486161535,15.0706397619869
2016,5,"W","Hemizonia congesta",1.3751567558586,1.45479168058665,1.98798512973834,"Grass",43,26,12,71,0.461538461538462,0.605633802816901,2.74961059333333,30,38,71,0.535211267605634,0.21106923229518,0.326110509209101,0.89667691071867,1.10774614301385
2016,5,"W","Hemizonia congesta",1.3751567558586,1.45479168058665,1.98798512973834,"No Grass",47,23,3,71,0.130434782608696,0.661971830985915,4.30373832,NA,38,71,0.535211267605634,0.18091648482444,0.575627679118187,2.47735090067361,2.65826738549805
2016,15,"W","Agoseris heterophylla",-0.876427664975023,-0.715725194710067,-2.31764141783942,"Grass",51,25,5,95,0.2,0.536842105263158,83.2268585272,25,NA,NA,NA,NA,0.429473684210526,35.7437455569448,NA
2016,15,"W","Agoseris heterophylla",-0.876427664975023,-0.715725194710067,-2.31764141783942,"No Grass",85,30,5,95,0.166666666666667,0.894736842105263,64.1381295072,NA,NA,NA,NA,NA,0.745614035087719,47.8222895448421,NA
2016,15,"W","Clarkia purpurea",0.605290877224273,0.563663236086071,1.08410568900997,"Grass",13,13,6,96,0.461538461538462,0.135416666666667,16.5714285771428,25,76,96,0.791666666666667,0.684461805555556,0.0729166666666667,1.20833333375,1.89279513930555
2016,15,"W","Clarkia purpurea",0.605290877224273,0.563663236086071,1.08410568900997,"No Grass",31,27,3,96,0.111111111111111,0.322916666666667,23.9326315872,NA,76,96,0.791666666666667,0.536024305555556,0.287037037037037,6.86955165928889,7.40557596484444
2016,15,"W","Hemizonia congesta",1.3751567558586,1.45479168058665,1.98798512973834,"Grass",60,24,13,71,0.541666666666667,0.845070422535211,43.0373832,25,25,71,0.352112676056338,0.0545526681214045,0.387323943661972,16.6694089859155,16.7239616540369
2016,15,"W","Hemizonia congesta",1.3751567558586,1.45479168058665,1.98798512973834,"No Grass",22,21,6,71,0.285714285714286,0.309859154929577,44.8736448832,NA,25,71,0.352112676056338,0.243007339813529,0.221327967806841,9.93179263008451,10.174799969898
2016,17,"W","Agoseris heterophylla",-0.876427664975023,-0.715725194710067,-2.31764141783942,"Grass",95,29,7,95,0.241379310344828,1,34.9051044937143,80,0,95,0,0,0.758620689655172,26.4797344435074,26.4797344435074
2016,17,"W","Agoseris heterophylla",-0.876427664975023,-0.715725194710067,-2.31764141783942,"No Grass",68,26,9,95,0.346153846153846,0.715789473684211,95.6557420891109,NA,0,95,0,0,0.468016194331984,44.7684363785474,44.7684363785474
2016,17,"W","Clarkia purpurea",0.605290877224273,0.563663236086071,1.08410568900997,"No Grass",41,25,6,96,0.24,0.427083333333333,57.4200000198,NA,46,96,0.479166666666667,0.274522569444445,0.324583333333333,18.6375750064268,18.9120975758712
2016,17,"W","Clarkia purpurea",0.605290877224273,0.563663236086071,1.08410568900997,"Grass",65,29,11,96,0.379310344827586,0.677083333333333,12.9694444489167,80,46,96,0.479166666666667,0.154730902777778,0.420258620689655,5.45052083521284,5.60525173799061
2016,17,"W","Hemizonia congesta",1.3751567558586,1.45479168058665,1.98798512973834,"Grass",22,21,11,71,0.523809523809524,0.309859154929577,2.008411216,80,30,71,0.422535211267606,0.291608807776235,0.147551978537894,0.296345048638498,0.587953856414733
2016,17,"W","Hemizonia congesta",1.3751567558586,1.45479168058665,1.98798512973834,"No Grass",29,25,11,71,0.44,0.408450704225352,4.54283489333333,NA,30,71,0.422535211267606,0.249950406665344,0.228732394366197,1.03909350236244,1.28904390902779
2016,18,"C","Agoseris heterophylla",-0.876427664975023,-0.715725194710067,-2.31764141783942,"No Grass",74,25,7,95,0.28,0.778947368421053,69.7056754713666,NA,0,95,0,0,0.560842105263158,39.0938777801517,39.0938777801517
2016,18,"C","Agoseris heterophylla",-0.876427664975023,-0.715725194710067,-2.31764141783942,"Grass",95,25,7,95,0.28,1,48.676259001,40,0,95,0,0,0.72,35.04690648072,35.04690648072
2016,18,"C","Clarkia purpurea",0.605290877224273,0.563663236086071,1.08410568900997,"No Grass",61,30,9,96,0.3,0.635416666666667,35.49600001224,NA,NA,NA,NA,NA,0.444791666666667,15.7883250054442,NA
2016,18,"C","Clarkia purpurea",0.605290877224273,0.563663236086071,1.08410568900997,"Grass",33,29,10,96,0.344827586206897,0.34375,28.7100000099,40,NA,NA,NA,NA,0.225215517241379,6.46593750222963,NA
2016,18,"C","Hemizonia congesta",1.3751567558586,1.45479168058665,1.98798512973834,"Grass",32,24,14,71,0.583333333333333,0.450704225352113,62.40420564,40,11,71,0.154929577464789,0.0851021622693911,0.187793427230047,11.7190996507042,11.8042018129736
2016,18,"C","Hemizonia congesta",1.3751567558586,1.45479168058665,1.98798512973834,"No Grass",30,25,18,71,0.72,0.422535211267606,38.2745794592,NA,11,71,0.154929577464789,0.0894663757191035,0.11830985915493,4.52826010503211,4.61772648075122
2016,19,"W","Agoseris heterophylla",-0.876427664975023,-0.715725194710067,-2.31764141783942,"No Grass",95,21,8,95,0.380952380952381,1,89.2125385556143,NA,0,95,0,0,0.619047619047619,55.226809582047,55.226809582047
2016,19,"W","Agoseris heterophylla",-0.876427664975023,-0.715725194710067,-2.31764141783942,"Grass",81,24,7,95,0.291666666666667,0.852631578947368,102.654942729778,30,0,95,0,0,0.603947368421053,61.9981825170634,61.9981825170634
2016,19,"W","Clarkia purpurea",0.605290877224273,0.563663236086071,1.08410568900997,"Grass",39,22,1,96,0.0454545454545455,0.40625,120.089743631154,30,111,111,1,0.59375,0.387784090909091,46.5688920615127,47.1626420615127
2016,19,"W","Clarkia purpurea",0.605290877224273,0.563663236086071,1.08410568900997,"No Grass",68,29,6,96,0.206896551724138,0.708333333333333,148.51866671788,NA,111,111,1,0.291666666666667,0.561781609195402,83.4350555843263,83.7267222509929
2016,19,"W","Hemizonia congesta",1.3751567558586,1.45479168058665,1.98798512973834,"Grass",32,23,10,71,0.434782608695652,0.450704225352113,8.2631775744,30,29,71,0.408450704225352,0.22436024598294,0.254745866503368,2.10501033126173,2.32937057724467
2016,19,"W","Hemizonia congesta",1.3751567558586,1.45479168058665,1.98798512973834,"No Grass",33,26,13,71,0.5,0.464788732394366,8.033644864,NA,29,71,0.408450704225352,0.218607419162864,0.232394366197183,1.86697380642253,2.0855812255854
2016,23,"W","Agoseris heterophylla",-0.876427664975023,-0.715725194710067,-2.31764141783942,"Grass",95,35,18,95,0.514285714285714,1,29.587529981,30,0,95,0,0,0.485714285714286,14.3710859907714,14.3710859907714
2016,23,"W","Agoseris heterophylla",-0.876427664975023,-0.715725194710067,-2.31764141783942,"No Grass",79,35,17,95,0.485714285714286,0.831578947368421,40.7804665427272,NA,0,95,0,0,0.427669172932331,17.4405483981228,17.4405483981228
2016,23,"W","Clarkia purpurea",0.605290877224273,0.563663236086071,1.08410568900997,"Grass",32,23,10,96,0.434782608695652,0.333333333333333,21.4600000074,30,102,102,1,0.666666666666667,0.188405797101449,4.0431884071913,4.70985507385797
2016,23,"W","Clarkia purpurea",0.605290877224273,0.563663236086071,1.08410568900997,"No Grass",50,26,3,96,0.115384615384615,0.520833333333333,69.1166666905,NA,102,102,1,0.479166666666667,0.46073717948718,31.8446180665365,32.3237847332031
2016,23,"W","Hemizonia congesta",1.3751567558586,1.45479168058665,1.98798512973834,"Grass",52,25,13,71,0.52,0.732394366197183,22.23598132,30,40,71,0.563380281690141,0.1507637373537,0.351549295774648,7.81704357390423,7.96780731125792
2016,23,"W","Hemizonia congesta",1.3751567558586,1.45479168058665,1.98798512973834,"No Grass",71,25,3,71,0.12,1,17.21495328,NA,40,71,0.563380281690141,0,0.88,15.1491588864,15.1491588864
2016,29,"W","Agoseris heterophylla",-0.876427664975023,-0.715725194710067,-2.31764141783942,"No Grass",62,32,8,95,0.25,0.652631578947368,60.66398082556,NA,0,95,0,0,0.489473684210526,29.6934221935636,29.6934221935636
2016,29,"W","Agoseris heterophylla",-0.876427664975023,-0.715725194710067,-2.31764141783942,"Grass",62,26,18,95,0.692307692307692,0.652631578947368,0,50,0,95,0,0,0.20080971659919,0,0
2016,29,"W","Clarkia purpurea",0.605290877224273,0.563663236086071,1.08410568900997,"Grass",19,19,4,96,0.210526315789474,0.197916666666667,11.1606060644545,50,69,96,0.71875,0.576497395833333,0.15625,1.74384469757102,2.32034209340435
2016,29,"W","Clarkia purpurea",0.605290877224273,0.563663236086071,1.08410568900997,"No Grass",26,22,5,96,0.227272727272727,0.270833333333333,41.1585185327111,NA,69,96,0.71875,0.524088541666667,0.209280303030303,8.61366723080413,9.1377557724708
2016,29,"W","Hemizonia congesta",1.3751567558586,1.45479168058665,1.98798512973834,"No Grass",31,24,5,71,0.208333333333333,0.436619718309859,24.2730841248,NA,24,71,0.338028169014085,0.190438405078358,0.345657276995305,8.39016816285634,8.5806065679347
2016,29,"W","Hemizonia congesta",1.3751567558586,1.45479168058665,1.98798512973834,"Grass",27,22,11,71,0.5,0.380281690140845,14.1449532784,50,24,71,0.338028169014085,0.209482245586194,0.190140845070423,2.68953336983662,2.89901561542281
2016,30,"C","Agoseris heterophylla",-0.876427664975023,-0.715725194710067,-2.31764141783942,"Grass",71,27,8,95,0.296296296296296,0.747368421052632,4.772182255,35,11,95,0.115789473684211,0.029252077562327,0.525925925925926,2.50981437114815,2.53906644871047
2016,30,"C","Agoseris heterophylla",-0.876427664975023,-0.715725194710067,-2.31764141783942,"No Grass",64,26,5,95,0.192307692307692,0.673684210526316,70.3737809870666,NA,11,95,0.115789473684211,0.0377839335180057,0.54412955465587,38.2924541079423,38.3302380414603
2016,30,"C","Clarkia purpurea",0.605290877224273,0.563663236086071,1.08410568900997,"No Grass",16,16,0,96,0,0.166666666666667,54.1674509990706,NA,87,96,0.90625,0.755208333333333,0.166666666666667,9.0279084998451,9.78311683317844
2016,30,"C","Clarkia purpurea",0.605290877224273,0.563663236086071,1.08410568900997,"Grass",37,26,4,96,0.153846153846154,0.385416666666667,12.2904761947143,35,87,96,0.90625,0.556966145833333,0.326121794871795,4.00819215644929,4.56515830228262
2016,30,"C","Hemizonia congesta",1.3751567558586,1.45479168058665,1.98798512973834,"Grass",36,26,9,71,0.346153846153846,0.507042253521127,11.9930841184,35,59,71,0.830985915492958,0.409640944257092,0.331527627302275,3.97603872180975,4.38567966606684
2016,30,"C","Hemizonia congesta",1.3751567558586,1.45479168058665,1.98798512973834,"No Grass",19,18,7,71,0.388888888888889,0.267605633802817,24.854088798,NA,59,71,0.830985915492958,0.608609402896251,0.163536776212833,4.06455755773239,4.67316696062865
2016,37,"W","Agoseris heterophylla",-0.876427664975023,-0.715725194710067,-2.31764141783942,"No Grass",68,35,17,95,0.485714285714286,0.715789473684211,57.6479616404,NA,6,95,0.0631578947368421,0.0179501385041551,0.36812030075188,21.2213849767969,21.239335115301
2016,37,"W","Agoseris heterophylla",-0.876427664975023,-0.715725194710067,-2.31764141783942,"Grass",61,26,7,95,0.269230769230769,0.642105263157895,17.179856118,30,6,95,0.0631578947368421,0.0226038781163435,0.469230769230769,8.06131710152308,8.08392097963942
2016,37,"W","Clarkia purpurea",0.605290877224273,0.563663236086071,1.08410568900997,"No Grass",18,18,6,96,0.333333333333333,0.1875,33.40800001152,NA,NA,NA,NA,NA,0.125,4.17600000144,NA
2016,37,"W","Clarkia purpurea",0.605290877224273,0.563663236086071,1.08410568900997,"Grass",16,16,3,96,0.1875,0.166666666666667,11.6878787919091,30,NA,NA,NA,NA,0.135416666666667,1.58273358640436,NA
2016,37,"W","Hemizonia congesta",1.3751567558586,1.45479168058665,1.98798512973834,"Grass",53,21,6,71,0.285714285714286,0.746478873239437,15.2639252416,30,45,71,0.633802816901408,0.160682404284864,0.533199195171026,8.13871265397183,8.2993950582567
2016,37,"W","Hemizonia congesta",1.3751567558586,1.45479168058665,1.98798512973834,"No Grass",45,25,6,71,0.24,0.633802816901408,24.74649534,NA,45,71,0.633802816901408,0.232096806189248,0.48169014084507,11.9201428257465,12.1522396319357
2016,49,"W","Agoseris heterophylla",-0.876427664975023,-0.715725194710067,-2.31764141783942,"Grass",71,27,6,95,0.222222222222222,0.747368421052632,NA,90,0,95,0,0,0.581286549707602,NA,NA
2016,49,"W","Agoseris heterophylla",-0.876427664975023,-0.715725194710067,-2.31764141783942,"No Grass",78,34,27,95,0.794117647058823,0.821052631578947,76.35491608,NA,0,95,0,0,0.169040247678019,12.9070539255975,12.9070539255975
2016,49,"W","Clarkia purpurea",0.605290877224273,0.563663236086071,1.08410568900997,"Grass",21,21,9,96,0.428571428571429,0.21875,17.2066666726,90,98,98,1,0.78125,0.125,2.150833334075,2.932083334075
2016,49,"W","Clarkia purpurea",0.605290877224273,0.563663236086071,1.08410568900997,"No Grass",25,20,1,96,0.05,0.260416666666667,46.956800016192,NA,98,98,1,0.739583333333333,0.247395833333333,11.6169166706725,12.3565000040058
2016,49,"W","Hemizonia congesta",1.3751567558586,1.45479168058665,1.98798512973834,"Grass",71,23,6,71,0.260869565217391,1,63.3510280704,90,101,101,1,0,0.739130434782609,46.8246729216,46.8246729216
2016,49,"W","Hemizonia congesta",1.3751567558586,1.45479168058665,1.98798512973834,"No Grass",71,28,5,71,0.178571428571429,1,18.936448608,NA,101,101,1,0,0.821428571428571,15.554939928,15.554939928
2016,50,"C","Agoseris heterophylla",-0.876427664975023,-0.715725194710067,-2.31764141783942,"No Grass",69,26,4,95,0.153846153846154,0.726315789473684,34.6142286229334,NA,2,95,0.0210526315789474,0.0057617728531856,0.614574898785425,21.2730360524748,21.278797825328
2016,50,"C","Agoseris heterophylla",-0.876427664975023,-0.715725194710067,-2.31764141783942,"Grass",85,24,11,95,0.458333333333333,0.894736842105263,7.635491608,70,2,95,0.0210526315789474,0.00221606648199446,0.484649122807018,3.70053431001754,3.70275037649954
2016,50,"C","Clarkia purpurea",0.605290877224273,0.563663236086071,1.08410568900997,"Grass",26,22,12,96,0.545454545454545,0.270833333333333,4.16410256553846,70,78,96,0.8125,0.592447916666667,0.123106060606061,0.512626262803031,1.1050741794697
2016,50,"C","Clarkia purpurea",0.605290877224273,0.563663236086071,1.08410568900997,"No Grass",26,21,4,96,0.19047619047619,0.270833333333333,43.3066666816,NA,78,96,0.8125,0.592447916666667,0.219246031746032,9.49481481808889,10.0872627347556
2016,50,"C","Hemizonia congesta",1.3751567558586,1.45479168058665,1.98798512973834,"No Grass",54,25,11,71,0.44,0.76056338028169,20.44275702,NA,63,71,0.887323943661972,0.212457845665543,0.425915492957746,8.70688693358873,8.91934477925428
2016,50,"C","Hemizonia congesta",1.3751567558586,1.45479168058665,1.98798512973834,"Grass",42,23,16,71,0.695652173913043,0.591549295774648,8.2918691632,70,63,71,0.887323943661972,0.362428089664749,0.180036742192284,1.49284111082719,1.85526920049194
2016,55,"W","Agoseris heterophylla",-0.876427664975023,-0.715725194710067,-2.31764141783942,"No Grass",70,27,6,95,0.222222222222222,0.736842105263158,15.3770317105555,NA,0,95,0,0,0.573099415204678,8.81256788090318,8.81256788090318
2016,55,"W","Agoseris heterophylla",-0.876427664975023,-0.715725194710067,-2.31764141783942,"Grass",77,21,2,95,0.0952380952380952,0.810526315789474,3.49960032033334,80,0,95,0,0,0.733333333333333,2.56637356824445,2.56637356824445
2016,55,"W","Clarkia purpurea",0.605290877224273,0.563663236086071,1.08410568900997,"No Grass",21,21,5,96,0.238095238095238,0.21875,12.2444444486667,NA,37,96,0.385416666666667,0.301106770833334,0.166666666666667,2.04074074144445,2.34184751227778
2016,55,"W","Clarkia purpurea",0.605290877224273,0.563663236086071,1.08410568900997,"Grass",23,21,9,96,0.428571428571429,0.239583333333333,6.766666669,80,37,96,0.385416666666667,0.293077256944445,0.136904761904762,0.926388889208333,1.21946614615278
2016,55,"W","Hemizonia congesta",1.3751567558586,1.45479168058665,1.98798512973834,"Grass",71,23,6,71,0.260869565217391,1,29.0358878656,80,36,71,0.507042253521127,0,0.739130434782609,21.4613084224,21.4613084224
2016,55,"W","Hemizonia congesta",1.3751567558586,1.45479168058665,1.98798512973834,"No Grass",71,21,3,71,0.142857142857143,1,21.7769158992,NA,36,71,0.507042253521127,0,0.857142857142857,18.6659279136,18.6659279136
2016,56,"C","Agoseris heterophylla",-0.876427664975023,-0.715725194710067,-2.31764141783942,"No Grass",82,25,7,95,0.28,0.863157894736842,61.2748201542,NA,0,95,0,0,0.621473684210526,38.0806882305681,38.0806882305681
2016,56,"C","Agoseris heterophylla",-0.876427664975023,-0.715725194710067,-2.31764141783942,"Grass",72,21,6,95,0.285714285714286,0.757894736842105,26.3424460476,70,0,95,0,0,0.541353383458647,14.2605722964451,14.2605722964451
2016,56,"C","Clarkia purpurea",0.605290877224273,0.563663236086071,1.08410568900997,"Grass",26,21,6,96,0.285714285714286,0.270833333333333,4.833333335,70,79,96,0.822916666666667,0.600043402777778,0.193452380952381,0.935019841592262,1.53506324437004
2016,56,"C","Clarkia purpurea",0.605290877224273,0.563663236086071,1.08410568900997,"No Grass",21,21,6,96,0.285714285714286,0.21875,68.36266669024,NA,79,96,0.822916666666667,0.642903645833334,0.15625,10.68166667035,11.3245703161833
2016,56,"C","Hemizonia congesta",1.3751567558586,1.45479168058665,1.98798512973834,"Grass",71,24,5,71,0.208333333333333,1,25.7028816333333,70,50,71,0.704225352112676,0,0.791666666666667,20.3481146263889,20.3481146263889
2016,56,"C","Hemizonia congesta",1.3751567558586,1.45479168058665,1.98798512973834,"No Grass",71,27,3,71,0.111111111111111,1,16.49766356,NA,50,71,0.704225352112676,0,0.888888888888889,14.6645898311111,14.6645898311111
2016,59,"W","Agoseris heterophylla",-0.876427664975023,-0.715725194710067,-2.31764141783942,"Grass",83,25,10,95,0.4,0.873684210526316,20.997601922,40,4,95,0.0421052631578947,0.0053185595567867,0.524210526315789,11.0071639549011,11.0124825144578
2016,59,"W","Agoseris heterophylla",-0.876427664975023,-0.715725194710067,-2.31764141783942,"No Grass",88,24,3,95,0.125,0.926315789473684,36.9503254601428,NA,4,95,0.0421052631578947,0.00310249307479224,0.810526315789474,29.9492111624316,29.9523136555064
2016,59,"W","Clarkia purpurea",0.605290877224273,0.563663236086071,1.08410568900997,"Grass",30,21,3,96,0.142857142857143,0.3125,9.3766666699,40,99,99,1,0.6875,0.267857142857143,2.51160714372321,3.19910714372321
2016,59,"W","Clarkia purpurea",0.605290877224273,0.563663236086071,1.08410568900997,"No Grass",34,24,3,96,0.125,0.354166666666667,79.0862222494933,NA,99,99,1,0.645833333333333,0.309895833333333,24.5084907491919,25.1543240825253
2016,59,"W","Hemizonia congesta",1.3751567558586,1.45479168058665,1.98798512973834,"Grass",71,25,4,71,0.16,1,33.7413084288,40,60,71,0.845070422535211,0,0.84,28.342699080192,28.342699080192
2016,59,"W","Hemizonia congesta",1.3751567558586,1.45479168058665,1.98798512973834,"No Grass",67,28,9,71,0.321428571428571,0.943661971830986,11.7202949066466,NA,60,71,0.845070422535211,0.0476096012695894,0.640342052313883,7.50499769424602,7.55260729551561
2016,81,"D","Agoseris heterophylla",-0.876427664975023,-0.715725194710067,-2.31764141783942,"No Grass",46,31,13,95,0.419354838709677,0.484210526315789,74.2776132160588,NA,0,95,0,0,0.281154499151104,20.8834851419004,20.8834851419004
2016,81,"D","Agoseris heterophylla",-0.876427664975023,-0.715725194710067,-2.31764141783942,"Grass",46,20,3,95,0.15,0.484210526315789,17.7525179886,80,0,95,0,0,0.411578947368421,7.30656266688695,7.30656266688695
2016,81,"D","Clarkia purpurea",0.605290877224273,0.563663236086071,1.08410568900997,"Grass",38,29,18,96,0.620689655172414,0.395833333333333,7.45714285971428,80,91,96,0.947916666666667,0.572699652777778,0.15014367816092,1.11964285752894,1.69234251030672
2016,81,"D","Clarkia purpurea",0.605290877224273,0.563663236086071,1.08410568900997,"No Grass",28,26,10,96,0.384615384615385,0.291666666666667,22.4145833410625,NA,91,96,0.947916666666667,0.671440972222222,0.17948717948718,4.02313034326763,4.69457131548985
2016,81,"D","Hemizonia congesta",1.3751567558586,1.45479168058665,1.98798512973834,"No Grass",12,12,4,71,0.333333333333333,0.169014084507042,49.2347663808,NA,25,71,0.352112676056338,0.292600674469351,0.112676056338028,5.54757931051268,5.84017998498203
2016,81,"D","Hemizonia congesta",1.3751567558586,1.45479168058665,1.98798512973834,"Grass",17,17,11,71,0.647058823529412,0.23943661971831,5.5087850496,80,25,71,0.352112676056338,0.26780400714144,0.0845070422535211,0.465531130952113,0.733335138093553
2016,82,"C","Agoseris heterophylla",-0.876427664975023,-0.715725194710067,-2.31764141783942,"No Grass",51,30,7,95,0.233333333333333,0.536842105263158,115.6776978612,NA,0,95,0,0,0.411578947368421,47.610505119715,47.610505119715
2016,82,"C","Agoseris heterophylla",-0.876427664975023,-0.715725194710067,-2.31764141783942,"Grass",52,25,5,95,0.2,0.547368421052632,35.36187050955,10,0,95,0,0,0.437894736842105,15.484776981024,15.484776981024
2016,82,"C","Clarkia purpurea",0.605290877224273,0.563663236086071,1.08410568900997,"No Grass",39,24,13,96,0.541666666666667,0.40625,41.7277777921667,NA,NA,NA,NA,NA,0.186197916666667,7.76962529203104,NA
2016,82,"C","Clarkia purpurea",0.605290877224273,0.563663236086071,1.08410568900997,"Grass",57,25,10,96,0.4,0.59375,49.9692307864616,10,NA,NA,NA,NA,0.35625,17.8015384676769,NA
2016,82,"C","Hemizonia congesta",1.3751567558586,1.45479168058665,1.98798512973834,"No Grass",19,18,14,71,0.777777777777778,0.267605633802817,8.60747664,NA,54,71,0.76056338028169,0.557032334854196,0.0594679186228482,0.511868720375587,1.06890105522978
2016,82,"C","Hemizonia congesta",1.3751567558586,1.45479168058665,1.98798512973834,"Grass",24,24,15,71,0.625,0.338028169014085,16.641121504,10,54,71,0.76056338028169,0.503471533425907,0.126760563380282,2.10943793712676,2.61290947055267
2016,83,"D","Agoseris heterophylla",-0.876427664975023,-0.715725194710067,-2.31764141783942,"No Grass",60,26,3,95,0.115384615384615,0.631578947368421,87.808153492,NA,0,95,0,0,0.558704453441295,49.0588064044372,49.0588064044372
2016,83,"D","Agoseris heterophylla",-0.876427664975023,-0.715725194710067,-2.31764141783942,"Grass",62,27,10,95,0.37037037037037,0.652631578947368,13.9347721846,80,0,95,0,0,0.410916179337232,5.72602334603057,5.72602334603057
2016,83,"D","Clarkia purpurea",0.605290877224273,0.563663236086071,1.08410568900997,"Grass",32,25,16,96,0.64,0.333333333333333,3.93571428707143,80,54,96,0.5625,0.375,0.12,0.472285714448571,0.847285714448571
2016,83,"D","Clarkia purpurea",0.605290877224273,0.563663236086071,1.08410568900997,"No Grass",30,25,8,96,0.32,0.3125,108.4600000374,NA,54,96,0.5625,0.38671875,0.2125,23.0477500079475,23.4344687579475
2016,83,"D","Hemizonia congesta",1.3751567558586,1.45479168058665,1.98798512973834,"Grass",24,24,20,71,0.833333333333333,0.338028169014085,3.012616824,80,25,71,0.352112676056338,0.233088672882365,0.0563380281690141,0.169724891492958,0.402813564375322
2016,83,"D","Hemizonia congesta",1.3751567558586,1.45479168058665,1.98798512973834,"No Grass",24,22,6,71,0.272727272727273,0.338028169014085,30.413084128,NA,25,71,0.352112676056338,0.233088672882365,0.24583866837388,7.47671210317029,7.70980077605266
2016,84,"C","Agoseris heterophylla",-0.876427664975023,-0.715725194710067,-2.31764141783942,"Grass",51,27,12,95,0.444444444444444,0.536842105263158,67.71726619845,40,0,95,0,0,0.298245614035088,20.1963776381342,20.1963776381342
2016,84,"C","Agoseris heterophylla",-0.876427664975023,-0.715725194710067,-2.31764141783942,"No Grass",80,29,4,95,0.137931034482759,0.842105263157895,118.350119924,NA,0,95,0,0,0.725952813067151,85.9166024856624,85.9166024856624
2016,84,"C","Clarkia purpurea",0.605290877224273,0.563663236086071,1.08410568900997,"No Grass",33,27,11,96,0.407407407407407,0.34375,65.6660869791652,NA,73,96,0.760416666666667,0.4990234375,0.203703703703704,13.3764251253855,13.8754485628855
2016,84,"C","Clarkia purpurea",0.605290877224273,0.563663236086071,1.08410568900997,"Grass",23,22,15,96,0.681818181818182,0.239583333333333,56.89800001962,40,73,96,0.760416666666667,0.578233506944445,0.0762310606060606,4.33739488785929,4.91562839480374
2016,84,"C","Hemizonia congesta",1.3751567558586,1.45479168058665,1.98798512973834,"Grass",14,14,7,71,0.5,0.197183098591549,23.3549532832,40,30,71,0.422535211267606,0.339218409045825,0.0985915492957746,2.30260102792113,2.64181943696695
2016,84,"C","Hemizonia congesta",1.3751567558586,1.45479168058665,1.98798512973834,"No Grass",17,17,4,71,0.235294117647059,0.23943661971831,15.493457952,NA,30,71,0.422535211267606,0.321364808569728,0.183098591549296,2.83683032923944,3.15819513780917
2016,89,"D","Agoseris heterophylla",-0.876427664975023,-0.715725194710067,-2.31764141783942,"No Grass",75,32,12,95,0.375,0.789473684210526,56.7437586868211,NA,1,95,0.0105263157894737,0.00221606648199446,0.493421052631579,27.9985651415236,28.0007812080056
2016,89,"D","Agoseris heterophylla",-0.876427664975023,-0.715725194710067,-2.31764141783942,"Grass",71,28,5,95,0.178571428571429,0.747368421052632,52.53218226304,10,1,95,0.0105263157894737,0.00265927977839336,0.61390977443609,32.2500201637385,32.2526794435169
2016,89,"D","Clarkia purpurea",0.605290877224273,0.563663236086071,1.08410568900997,"No Grass",39,32,9,96,0.28125,0.40625,54.6254545642909,NA,26,96,0.270833333333333,0.160807291666666,0.2919921875,15.9502059714092,16.1110132630758
2016,89,"D","Clarkia purpurea",0.605290877224273,0.563663236086071,1.08410568900997,"Grass",65,26,19,96,0.730769230769231,0.677083333333333,12.8687500044375,10,26,96,0.270833333333333,0.0874565972222221,0.182291666666667,2.34586588622559,2.43332248344781
2016,89,"D","Hemizonia congesta",1.3751567558586,1.45479168058665,1.98798512973834,"Grass",39,28,16,71,0.571428571428571,0.549295774647887,33.1674766528,10,17,71,0.23943661971831,0.107915096211069,0.235412474849095,7.80803776333521,7.91595285954628
2016,89,"D","Hemizonia congesta",1.3751567558586,1.45479168058665,1.98798512973834,"No Grass",21,21,9,71,0.428571428571429,0.295774647887324,19.510280384,NA,17,71,0.23943661971831,0.168617337829796,0.169014084507042,3.29751217757746,3.46612951540726
2016,91,"D","Agoseris heterophylla",-0.876427664975023,-0.715725194710067,-2.31764141783942,"Grass",58,33,19,95,0.575757575757576,0.610526315789474,NA,50,7,95,0.0736842105263158,0.0286980609418283,0.259011164274322,NA,NA
2016,91,"D","Agoseris heterophylla",-0.876427664975023,-0.715725194710067,-2.31764141783942,"No Grass",74,41,25,95,0.609756097560976,0.778947368421053,57.4570743502,NA,7,95,0.0736842105263158,0.0162880886426593,0.30397946084724,17.4657704828336,17.4820585714762
2016,91,"D","Clarkia purpurea",0.605290877224273,0.563663236086071,1.08410568900997,"No Grass",27,26,9,96,0.346153846153846,0.28125,40.32933334724,NA,55,96,0.572916666666667,0.411783854166667,0.183894230769231,7.41633173332659,7.82811558749325
2016,91,"D","Clarkia purpurea",0.605290877224273,0.563663236086071,1.08410568900997,"Grass",43,33,15,96,0.454545454545455,0.447916666666667,6.55185185411111,50,55,96,0.572916666666667,0.316297743055556,0.244318181818182,1.60073653253851,1.91703427559407
2016,91,"D","Hemizonia congesta",1.3751567558586,1.45479168058665,1.98798512973834,"Grass",50,31,17,71,0.548387096774194,0.704225352112676,55.4321495616,50,91,91,1,0.295774647887324,0.318037255792821,17.6294887292685,17.9252633771558
2016,91,"D","Hemizonia congesta",1.3751567558586,1.45479168058665,1.98798512973834,"No Grass",61,37,15,71,0.405405405405405,0.859154929577465,20.1988785152,NA,91,91,1,0.140845070422535,0.51084887704606,10.3185744070797,10.4594194775022
2016,92,"C","Agoseris heterophylla",-0.876427664975023,-0.715725194710067,-2.31764141783942,"Grass",56,27,13,95,0.481481481481481,0.589473684210526,16.7026378925,25,3,95,0.0315789473684211,0.0129639889196676,0.305653021442495,5.10521173790253,5.1181757268222
2016,92,"C","Agoseris heterophylla",-0.876427664975023,-0.715725194710067,-2.31764141783942,"No Grass",92,30,7,95,0.233333333333333,0.968421052631579,69.7374900197334,NA,3,95,0.0315789473684211,0.000997229916897508,0.742456140350877,51.7770276778091,51.7780249077259
2016,92,"C","Clarkia purpurea",0.605290877224273,0.563663236086071,1.08410568900997,"No Grass",29,25,6,96,0.24,0.302083333333333,86.8388889188333,NA,83,96,0.864583333333333,0.603407118055555,0.229583333333333,19.9367615809488,20.5401686990044
2016,92,"C","Clarkia purpurea",0.605290877224273,0.563663236086071,1.08410568900997,"Grass",58,28,7,96,0.25,0.604166666666667,41.2444444586667,25,83,96,0.864583333333333,0.342230902777778,0.453125,18.6888888953333,19.0311197981111
2016,92,"C","Hemizonia congesta",1.3751567558586,1.45479168058665,1.98798512973834,"Grass",41,31,15,71,0.483870967741935,0.577464788732394,7.4885046768,25,22,71,0.309859154929577,0.130926403491371,0.298046342571558,2.23192143025025,2.36284783374162
2016,92,"C","Hemizonia congesta",1.3751567558586,1.45479168058665,1.98798512973834,"No Grass",66,27,9,71,0.333333333333333,0.929577464788732,10.0707476688,NA,22,71,0.309859154929577,0.0218210672485618,0.619718309859155,6.24102672432676,6.26284779157532
2016,93,"D","Agoseris heterophylla",-0.876427664975023,-0.715725194710067,-2.31764141783942,"No Grass",71,21,1,95,0.0476190476190476,0.747368421052632,96.37899282198,NA,1,95,0.0105263157894737,0.00265927977839336,0.711779448621554,68.6005863695296,68.603245649308
2016,93,"D","Agoseris heterophylla",-0.876427664975023,-0.715725194710067,-2.31764141783942,"Grass",74,37,16,95,0.432432432432432,0.778947368421053,47.30187051156,25,1,95,0.0105263157894737,0.00232686980609419,0.442105263157895,20.9124059103739,20.91473278018
2016,93,"D","Clarkia purpurea",0.605290877224273,0.563663236086071,1.08410568900997,"No Grass",26,21,19,96,0.904761904761905,0.270833333333333,8.700000003,NA,94,96,0.979166666666667,0.713975694444445,0.0257936507936508,0.224404761982143,0.938380456426588
2016,93,"D","Clarkia purpurea",0.605290877224273,0.563663236086071,1.08410568900997,"Grass",33,26,21,96,0.807692307692308,0.34375,12.4055555598333,25,94,96,0.979166666666667,0.642578125,0.0661057692307692,0.820078793017826,1.46265691801783
2016,93,"D","Hemizonia congesta",1.3751567558586,1.45479168058665,1.98798512973834,"No Grass",42,24,2,71,0.0833333333333333,0.591549295774648,22.809813096,NA,55,71,0.774647887323944,0.316405475104146,0.542253521126761,12.3687014675493,12.6851069426534
2016,93,"D","Hemizonia congesta",1.3751567558586,1.45479168058665,1.98798512973834,"Grass",33,27,11,71,0.407407407407407,0.464788732394366,26.109345808,25,55,71,0.774647887323944,0.414600277722674,0.275430359937402,7.19130651362754,7.60590679135022
2016,95,"D","Agoseris heterophylla",-0.876427664975023,-0.715725194710067,-2.31764141783942,"No Grass",82,27,6,95,0.222222222222222,0.863157894736842,45.4311750676,NA,0,95,0,0,0.671345029239766,30.4999935541549,30.4999935541549
2016,95,"D","Agoseris heterophylla",-0.876427664975023,-0.715725194710067,-2.31764141783942,"Grass",71,29,10,95,0.344827586206897,0.747368421052632,39.97179856788,30,0,95,0,0,0.489655172413793,19.5723979194447,19.5723979194447
2016,95,"D","Clarkia purpurea",0.605290877224273,0.563663236086071,1.08410568900997,"No Grass",21,19,8,96,0.421052631578947,0.21875,18.1733333396,NA,75,96,0.78125,0.6103515625,0.126644736842105,2.3015570183375,2.9119085808375
2016,95,"D","Clarkia purpurea",0.605290877224273,0.563663236086071,1.08410568900997,"Grass",40,23,9,96,0.391304347826087,0.416666666666667,6.32727272945455,30,75,96,0.78125,0.455729166666667,0.253623188405797,1.60474308355731,2.06047225022398
2016,95,"D","Hemizonia congesta",1.3751567558586,1.45479168058665,1.98798512973834,"Grass",49,26,6,71,0.230769230769231,0.690140845070423,24.2730841248,30,64,71,0.901408450704225,0.279309660781591,0.530877573131094,12.8860359925807,13.1653456533623
2016,95,"D","Hemizonia congesta",1.3751567558586,1.45479168058665,1.98798512973834,"No Grass",63,24,7,71,0.291666666666667,0.887323943661972,24.244392536,NA,64,71,0.901408450704225,0.101567149375124,0.628521126760563,15.2381129143521,15.3396800637272
2016,96,"C","Agoseris heterophylla",-0.876427664975023,-0.715725194710067,-2.31764141783942,"Grass",64,44,24,95,0.545454545454545,0.673684210526316,34.0324768813715,30,1,95,0.0105263157894737,0.00343490304709142,0.30622009569378,10.4214283273099,10.424863230357
2016,96,"C","Agoseris heterophylla",-0.876427664975023,-0.715725194710067,-2.31764141783942,"No Grass",88,39,13,95,0.333333333333333,0.926315789473684,55.0815880721555,NA,1,95,0.0105263157894737,0.000775623268698062,0.617543859649123,34.015296493682,34.0160721169507
2016,96,"C","Clarkia purpurea",0.605290877224273,0.563663236086071,1.08410568900997,"No Grass",20,20,1,96,0.05,0.208333333333333,31.7066666776,NA,68,96,0.708333333333333,0.560763888888889,0.197916666666667,6.27527777994167,6.83604166883055
2016,96,"C","Clarkia purpurea",0.605290877224273,0.563663236086071,1.08410568900997,"Grass",43,24,15,96,0.625,0.447916666666667,10.1500000035,30,68,96,0.708333333333333,0.391059027777778,0.16796875,1.70488281308789,2.09594184086567
2016,96,"C","Hemizonia congesta",1.3751567558586,1.45479168058665,1.98798512973834,"Grass",57,32,17,71,0.53125,0.802816901408451,29.695794408,30,28,71,0.394366197183099,0.0777623487403294,0.376320422535211,11.1751338991373,11.2528962478777
2016,96,"C","Hemizonia congesta",1.3751567558586,1.45479168058665,1.98798512973834,"No Grass",50,24,3,71,0.125,0.704225352112676,13.771962624,NA,28,71,0.394366197183099,0.116643523110494,0.616197183098592,8.48624457464789,8.60288809775838
2016,97,"D","Agoseris heterophylla",-0.876427664975023,-0.715725194710067,-2.31764141783942,"Grass",78,33,18,95,0.545454545454545,0.821052631578947,14.5074340552,60,0,95,0,0,0.373205741626794,5.41425768567273,5.41425768567273
2016,97,"D","Agoseris heterophylla",-0.876427664975023,-0.715725194710067,-2.31764141783942,"No Grass",75,32,9,95,0.28125,0.789473684210526,36.9627207387272,NA,0,95,0,0,0.567434210526316,20.9739122612844,20.9739122612844
2016,97,"D","Clarkia purpurea",0.605290877224273,0.563663236086071,1.08410568900997,"No Grass",35,24,19,96,0.791666666666667,0.364583333333333,14.1133333382,NA,78,96,0.8125,0.516276041666667,0.0759548611111111,1.0719762735178,1.58825231518446
2016,97,"D","Clarkia purpurea",0.605290877224273,0.563663236086071,1.08410568900997,"Grass",12,12,12,96,1,0.125,NA,NA,78,96,0.8125,0.7109375,0,NA,NA
2016,97,"D","Hemizonia congesta",1.3751567558586,1.45479168058665,1.98798512973834,"Grass",54,22,6,71,0.272727272727273,0.76056338028169,28.2133956533333,60,28,71,0.394366197183099,0.0944257091846857,0.553137003841229,15.6058731398719,15.7002988490566
2016,97,"D","Hemizonia congesta",1.3751567558586,1.45479168058665,1.98798512973834,"No Grass",66,27,9,71,0.333333333333333,0.929577464788732,16.0385981392,NA,28,71,0.394366197183099,0.0277722674072605,0.619718309859155,9.93941293133521,9.96718519874247
2016,98,"C","Agoseris heterophylla",-0.876427664975023,-0.715725194710067,-2.31764141783942,"No Grass",95,36,17,95,0.472222222222222,1,15.270983216,NA,0,95,0,0,0.527777777777778,8.05968558622222,8.05968558622222
2016,98,"C","Agoseris heterophylla",-0.876427664975023,-0.715725194710067,-2.31764141783942,"Grass",87,29,9,95,0.310344827586207,0.91578947368421,0,75,0,95,0,0,0.631578947368421,0,0
2016,98,"C","Clarkia purpurea",0.605290877224273,0.563663236086071,1.08410568900997,"No Grass",26,23,11,96,0.478260869565217,0.270833333333333,8.10512820792308,NA,56,96,0.583333333333333,0.425347222222222,0.141304347826087,1.14528985546739,1.57063707768961
2016,98,"C","Clarkia purpurea",0.605290877224273,0.563663236086071,1.08410568900997,"Grass",13,13,11,96,0.846153846153846,0.135416666666667,2.900000001,75,56,96,0.583333333333333,0.504340277777778,0.0208333333333333,0.0604166666875,0.564756944465278
2016,98,"C","Hemizonia congesta",1.3751567558586,1.45479168058665,1.98798512973834,"No Grass",49,28,6,71,0.214285714285714,0.690140845070423,13.2555140256,NA,0,71,0,0,0.542253521126761,7.18784915472676,7.18784915472676
2016,98,"C","Hemizonia congesta",1.3751567558586,1.45479168058665,1.98798512973834,"Grass",60,28,12,71,0.428571428571429,0.845070422535211,14.4605607552,75,0,71,0,0,0.482897384305835,6.98296696428169,6.98296696428169
2016,99,"D","Agoseris heterophylla",-0.876427664975023,-0.715725194710067,-2.31764141783942,"No Grass",72,23,2,95,0.0869565217391304,0.757894736842105,73.9551901460571,NA,0,95,0,0,0.691990846681922,51.1763146456926,51.1763146456926
2016,99,"D","Agoseris heterophylla",-0.876427664975023,-0.715725194710067,-2.31764141783942,"Grass",78,28,19,95,0.678571428571429,0.821052631578947,0,90,0,95,0,0,0.26390977443609,0,0
2016,99,"D","Clarkia purpurea",0.605290877224273,0.563663236086071,1.08410568900997,"No Grass",37,26,7,96,0.269230769230769,0.385416666666667,15.0948718000769,NA,76,96,0.791666666666667,0.486545138888889,0.281650641025641,4.25148031869153,4.73802545758042
2016,99,"D","Clarkia purpurea",0.605290877224273,0.563663236086071,1.08410568900997,"Grass",33,26,20,96,0.769230769230769,0.34375,4.3500000015,90,76,96,0.791666666666667,0.51953125,0.0793269230769231,0.345072115503606,0.864603365503606
2016,99,"D","Hemizonia congesta",1.3751567558586,1.45479168058665,1.98798512973834,"Grass",28,24,11,71,0.458333333333333,0.394366197183099,14.202336456,90,25,71,0.352112676056338,0.213251339020036,0.213615023474178,3.03383243543662,3.24708377445666
2016,99,"D","Hemizonia congesta",1.3751567558586,1.45479168058665,1.98798512973834,"No Grass",16,16,5,71,0.3125,0.225352112676056,49.6077570352,NA,25,71,0.352112676056338,0.272763340607022,0.154929577464789,7.68570883643944,7.95847217704646
2017,5,"W","Agoseris heterophylla",-0.876427664975023,-0.715725194710067,-2.31764141783942,"Grass",83,15,0,94,0,0.882978723404255,56.5980815443,80,0,94,0,0,0.882978723404255,49.974901789116,49.974901789116
2017,5,"W","Agoseris heterophylla",-0.876427664975023,-0.715725194710067,-2.31764141783942,"No Grass",60,15,0,94,0,0.638297872340426,27.225299764775,NA,0,94,0,0,0.638297872340426,17.3778509136862,17.3778509136862
2017,5,"W","Clarkia purpurea",0.605290877224273,0.563663236086071,1.08410568900997,"Grass",11,12,8,30,0.666666666666667,0.366666666666667,3.19878788133333,80,19,96,0.197916666666667,0.125347222222222,0.122222222222222,0.390962963274074,0.516310185496296
2017,5,"W","Clarkia purpurea",0.605290877224273,0.563663236086071,1.08410568900997,"No Grass",21,17,5,30,0.294117647058824,0.7,6.59090909615384,NA,19,96,0.197916666666667,0.0593750000000001,0.494117647058823,3.25668449457013,3.31605949457013
2017,5,"W","Hemizonia congesta",1.3751567558586,1.45479168058665,1.98798512973834,"No Grass",8,15,10,32,0.666666666666667,0.25,6.903,NA,13,48,0.270833333333333,0.203125,0.0833333333333333,0.57525,0.778375
2017,5,"W","Hemizonia congesta",1.3751567558586,1.45479168058665,1.98798512973834,"Grass",32,15,3,32,0.2,1,11.0735625,80,13,48,0.270833333333333,0,0.8,8.85885,8.85885
2017,5,"W","Lasthenia californica",-1.63466778080532,-2.17672412206952,-1.13506247561691,"No Grass",50,16,2,100,0.125,0.5,51.7522773115789,NA,16,100,0.16,0.08,0.4375,22.6416213238158,22.7216213238158
2017,5,"W","Lasthenia californica",-1.63466778080532,-2.17672412206952,-1.13506247561691,"Grass",44,15,0,100,0,0.44,14.66421273575,80,16,100,0.16,0.0896,0.44,6.45225360373,6.54185360373
2017,5,"W","Plantago erecta",-1.01453268637674,0.102902256973463,0.0861268277326971,"Grass",75,15,2,99,0.133333333333333,0.757575757575758,7.171171168,80,42,99,0.424242424242424,0.102846648301194,0.656565656565657,4.70834470626263,4.81119135456382
2017,5,"W","Plantago erecta",-1.01453268637674,0.102902256973463,0.0861268277326971,"No Grass",65,16,1,99,0.0625,0.656565656565657,15.4180180112,NA,42,99,0.424242424242424,0.145699418426691,0.615530303030303,9.49025729856061,9.6359567169873
2017,5,"W","Calycadenia pauciflora",1.54518049907422,0.771092143133398,1.73249998728004,"Grass",9,10,3,31,0.3,0.290322580645161,1.22953125,80,23,31,0.741935483870968,0.526534859521332,0.203225806451613,0.24987247983871,0.776407339360042
2017,5,"W","Calycadenia pauciflora",1.54518049907422,0.771092143133398,1.73249998728004,"No Grass",12,13,7,31,0.538461538461538,0.387096774193548,10.6401428571429,NA,23,31,0.741935483870968,0.454734651404787,0.178660049627792,1.90096845090394,2.35570310230873
2017,15,"W","Agoseris heterophylla",-0.876427664975023,-0.715725194710067,-2.31764141783942,"No Grass",74,15,0,94,0,0.787234042553192,17.4525522468572,NA,1,94,0.0106382978723404,0.00226346763241285,0.787234042553192,13.7392432581641,13.7415067257966
2017,15,"W","Agoseris heterophylla",-0.876427664975023,-0.715725194710067,-2.31764141783942,"Grass",77,15,2,94,0.133333333333333,0.819148936170213,42.2007747719077,30,1,94,0.0106382978723404,0.00192394748755092,0.709929078014184,29.9595571253047,29.9614810727922
2017,15,"W","Clarkia purpurea",0.605290877224273,0.563663236086071,1.08410568900997,"No Grass",30,16,2,30,0.125,1,12.6874372395333,NA,12,96,0.125,0,0.875,11.1015075845917,11.1015075845917
2017,15,"W","Clarkia purpurea",0.605290877224273,0.563663236086071,1.08410568900997,"Grass",9,11,2,30,0.181818181818182,0.3,8.79666667366668,30,12,96,0.125,0.0875,0.245454545454545,2.1591818199,2.2466818199
2017,15,"W","Hemizonia congesta",1.3751567558586,1.45479168058665,1.98798512973834,"Grass",10,16,6,32,0.375,0.3125,33.3964583333333,30,5,48,0.104166666666667,0.0716145833333336,0.1953125,6.52274576822917,6.5943603515625
2017,15,"W","Hemizonia congesta",1.3751567558586,1.45479168058665,1.98798512973834,"No Grass",15,15,3,32,0.2,0.46875,5.9826,NA,5,48,0.104166666666667,0.0553385416666668,0.375,2.243475,2.29881354166667
2017,15,"W","Lasthenia californica",-1.63466778080532,-2.17672412206952,-1.13506247561691,"Grass",78,17,2,100,0.117647058823529,0.78,17.8717376317143,30,61,100,0.61,0.1342,0.688235294117647,12.2999606053563,12.4341606053563
2017,15,"W","Lasthenia californica",-1.63466778080532,-2.17672412206952,-1.13506247561691,"No Grass",30,15,0,100,0,0.3,23.1706730696,NA,61,100,0.61,0.427,0.3,6.95120192088,7.37820192088
2017,15,"W","Plantago erecta",-1.01453268637674,0.102902256973463,0.0861268277326971,"No Grass",89,15,0,99,0,0.898989898989899,8.96396396,NA,77,99,0.777777777777778,0.0785634118967452,0.898989898989899,8.0585130549495,8.13707646684624
2017,15,"W","Plantago erecta",-1.01453268637674,0.102902256973463,0.0861268277326971,"Grass",89,15,1,99,0.0666666666666667,0.898989898989899,9.6810810768,30,77,99,0.777777777777778,0.0785634118967452,0.839057239057239,8.12298115938909,8.20154457128584
2017,15,"W","Calycadenia pauciflora",1.54518049907422,0.771092143133398,1.73249998728004,"No Grass",11,11,2,31,0.181818181818182,0.354838709677419,20.17575,NA,16,31,0.516129032258065,0.332986472424558,0.290322580645161,5.85747580645161,6.19046227887617
2017,15,"W","Calycadenia pauciflora",1.54518049907422,0.771092143133398,1.73249998728004,"Grass",21,15,0,31,0,0.67741935483871,7.5762,30,16,31,0.516129032258065,0.166493236212279,0.67741935483871,5.13226451612903,5.29875775234131
2017,17,"W","Agoseris heterophylla",-0.876427664975023,-0.715725194710067,-2.31764141783942,"No Grass",20,15,0,94,0,0.212765957446809,38.9410072008,NA,1,94,0.0106382978723404,0.00837483023992755,0.212765957446809,8.28532068102128,8.2936955112612
2017,17,"W","Agoseris heterophylla",-0.876427664975023,-0.715725194710067,-2.31764141783942,"Grass",21,15,0,94,0,0.223404255319149,19.4705036004,90,1,94,0.0106382978723404,0.00826165685830691,0.223404255319149,4.34979335753617,4.35805501439448
2017,17,"W","Clarkia purpurea",0.605290877224273,0.563663236086071,1.08410568900997,"No Grass",11,14,9,30,0.642857142857143,0.366666666666667,7.83376624000002,NA,NA,NA,NA,NA,0.130952380952381,1.02585034095238,NA
2017,17,"W","Clarkia purpurea",0.605290877224273,0.563663236086071,1.08410568900997,"Grass",8,8,8,30,1,0.266666666666667,NA,NA,NA,NA,NA,NA,0,NA,NA
2017,17,"W","Hemizonia congesta",1.3751567558586,1.45479168058665,1.98798512973834,"Grass",7,11,5,32,0.454545454545455,0.21875,21.8595,90,21,48,0.4375,0.341796875,0.119318181818182,2.60823579545455,2.95003267045455
2017,17,"W","Hemizonia congesta",1.3751567558586,1.45479168058665,1.98798512973834,"No Grass",14,15,3,32,0.2,0.4375,19.942,NA,21,48,0.4375,0.24609375,0.35,6.9797,7.22579375
2017,17,"W","Lasthenia californica",-1.63466778080532,-2.17672412206952,-1.13506247561691,"Grass",54,15,0,100,0,0.54,17.524038456,90,21,100,0.21,0.0966,0.54,9.46298076624,9.55958076624
2017,17,"W","Lasthenia californica",-1.63466778080532,-2.17672412206952,-1.13506247561691,"No Grass",99,15,1,100,0.0666666666666667,0.99,22.4613667511429,NA,21,100,0.21,0.0021,0.924,20.754302878056,20.756402878056
2017,17,"W","Plantago erecta",-1.01453268637674,0.102902256973463,0.0861268277326971,"No Grass",59,15,0,99,0,0.595959595959596,22.9477477376,NA,66,99,0.666666666666667,0.26936026936027,0.595959595959596,13.6759304698828,13.9452907392431
2017,17,"W","Plantago erecta",-1.01453268637674,0.102902256973463,0.0861268277326971,"Grass",45,15,0,99,0,0.454545454545455,6.4540540512,90,66,99,0.666666666666667,0.363636363636364,0.454545454545455,2.93366093236364,3.297297296
2017,17,"W","Calycadenia pauciflora",1.54518049907422,0.771092143133398,1.73249998728004,"No Grass",11,11,1,31,0.0909090909090909,0.354838709677419,14.8179166666667,NA,31,31,1,0.645161290322581,0.32258064516129,4.77997311827957,5.42513440860215
2017,17,"W","Calycadenia pauciflora",1.54518049907422,0.771092143133398,1.73249998728004,"Grass",10,10,9,31,0.9,0.32258064516129,4.80375,90,31,31,1,0.67741935483871,0.032258064516129,0.154959677419355,0.832379032258065
2017,18,"C","Agoseris heterophylla",-0.876427664975023,-0.715725194710067,-2.31764141783942,"No Grass",84,15,1,94,0.0666666666666667,0.893617021276596,27.05827338585,NA,1,94,0.0106382978723404,0.00113173381620643,0.834042553191489,22.5677514196877,22.5688831535039
2017,18,"C","Agoseris heterophylla",-0.876427664975023,-0.715725194710067,-2.31764141783942,"Grass",63,15,1,94,0.0666666666666667,0.670212765957447,15.3770317105555,95,1,94,0.0106382978723404,0.00350837483023992,0.625531914893617,9.61882409128368,9.62233246611392
2017,18,"C","Clarkia purpurea",0.605290877224273,0.563663236086071,1.08410568900997,"No Grass",12,15,14,30,0.933333333333333,0.4,3.42727273,NA,27,96,0.28125,0.16875,0.0266666666666667,0.0913939394666666,0.260143939466667
2017,18,"C","Clarkia purpurea",0.605290877224273,0.563663236086071,1.08410568900997,"Grass",15,16,16,30,1,0.5,NA,NA,27,96,0.28125,0.140625,0,NA,NA
2017,18,"C","Hemizonia congesta",1.3751567558586,1.45479168058665,1.98798512973834,"Grass",22,16,8,32,0.5,0.6875,16.37545,95,4,48,0.0833333333333333,0.0260416666666667,0.34375,5.6290609375,5.65510260416667
2017,18,"C","Hemizonia congesta",1.3751567558586,1.45479168058665,1.98798512973834,"No Grass",18,15,9,32,0.6,0.5625,26.845,NA,4,48,0.0833333333333333,0.0364583333333333,0.225,6.040125,6.07658333333333
2017,18,"C","Lasthenia californica",-1.63466778080532,-2.17672412206952,-1.13506247561691,"Grass",50,15,0,100,0,0.5,37.1097284950588,95,52,100,0.52,0.26,0.5,18.5548642475294,18.8148642475294
2017,18,"C","Lasthenia californica",-1.63466778080532,-2.17672412206952,-1.13506247561691,"No Grass",99,15,0,100,0,0.99,55.7676753217412,NA,52,100,0.52,0.0052,0.99,55.2099985685238,55.2151985685238
2017,18,"C","Plantago erecta",-1.01453268637674,0.102902256973463,0.0861268277326971,"No Grass",41,15,0,99,0,0.414141414141414,6.0954954928,NA,23,99,0.232323232323232,0.136108560350984,0.414141414141414,2.52439712328081,2.66050568363179
2017,18,"C","Plantago erecta",-1.01453268637674,0.102902256973463,0.0861268277326971,"Grass",45,15,0,99,0,0.454545454545455,6.0954954928,95,23,99,0.232323232323232,0.126721763085399,0.454545454545455,2.77067976945455,2.89740153253994
2017,18,"C","Calycadenia pauciflora",1.54518049907422,0.771092143133398,1.73249998728004,"No Grass",15,15,15,31,1,0.483870967741935,NA,NA,11,31,0.354838709677419,0.183142559833507,0,NA,NA
2017,18,"C","Calycadenia pauciflora",1.54518049907422,0.771092143133398,1.73249998728004,"Grass",11,12,9,31,0.75,0.354838709677419,5.146875,95,11,31,0.354838709677419,0.228928199791883,0.0887096774193548,0.456577620967742,0.685505820759625
2017,19,"W","Agoseris heterophylla",-0.876427664975023,-0.715725194710067,-2.31764141783942,"No Grass",52,15,2,94,0.133333333333333,0.553191489361702,79.576139102125,NA,0,94,0,0,0.479432624113475,38.1513971865507,38.1513971865507
2017,19,"W","Agoseris heterophylla",-0.876427664975023,-0.715725194710067,-2.31764141783942,"Grass",31,16,5,94,0.3125,0.329787234042553,23.62230216225,85,0,94,0,0,0.226728723404255,5.35585441311652,5.35585441311652
2017,19,"W","Clarkia purpurea",0.605290877224273,0.563663236086071,1.08410568900997,"No Grass",30,15,6,30,0.4,1,9.82027879569332,NA,29,96,0.302083333333333,0,0.6,5.89216727741599,5.89216727741599
2017,19,"W","Clarkia purpurea",0.605290877224273,0.563663236086071,1.08410568900997,"Grass",17,17,10,30,0.588235294117647,0.566666666666667,6.58797980322221,85,29,96,0.302083333333333,0.130902777777778,0.233333333333333,1.53719528741852,1.66809806519629
2017,19,"W","Hemizonia congesta",1.3751567558586,1.45479168058665,1.98798512973834,"Grass",14,15,13,32,0.866666666666667,0.4375,53.69,85,22,48,0.458333333333333,0.2578125,0.0583333333333333,3.13191666666667,3.38972916666667
2017,19,"W","Hemizonia congesta",1.3751567558586,1.45479168058665,1.98798512973834,"No Grass",24,15,1,32,0.0666666666666667,0.75,18.7148,NA,22,48,0.458333333333333,0.114583333333333,0.7,13.10036,13.2149433333333
2017,19,"W","Lasthenia californica",-1.63466778080532,-2.17672412206952,-1.13506247561691,"Grass",65,15,0,100,0,0.65,29.0530111244211,85,18,100,0.18,0.063,0.65,18.8844572308737,18.9474572308737
2017,19,"W","Lasthenia californica",-1.63466778080532,-2.17672412206952,-1.13506247561691,"No Grass",37,15,0,100,0,0.37,65.0336538256,NA,18,100,0.18,0.1134,0.37,24.062451915472,24.175851915472
2017,19,"W","Plantago erecta",-1.01453268637674,0.102902256973463,0.0861268277326971,"No Grass",78,15,0,99,0,0.787878787878788,11.8324324272,NA,78,99,0.787878787878788,0.16712580348944,0.787878787878788,9.3225225184,9.48964832188944
2017,19,"W","Plantago erecta",-1.01453268637674,0.102902256973463,0.0861268277326971,"Grass",67,15,0,99,0,0.676767676767677,9.3225225184,85,78,99,0.787878787878788,0.254667891031527,0.676767676767677,6.30918190639192,6.56384979742345
2017,19,"W","Calycadenia pauciflora",1.54518049907422,0.771092143133398,1.73249998728004,"No Grass",27,16,3,31,0.1875,0.870967741935484,23.9539375,NA,8,31,0.258064516129032,0.0332986472424557,0.707661290322581,16.9512743195564,16.9845729667989
2017,19,"W","Calycadenia pauciflora",1.54518049907422,0.771092143133398,1.73249998728004,"Grass",11,11,3,31,0.272727272727273,0.354838709677419,12.137475,85,8,31,0.258064516129032,0.166493236212279,0.258064516129032,3.13225161290323,3.2987448491155
2017,23,"W","Agoseris heterophylla",-0.876427664975023,-0.715725194710067,-2.31764141783942,"No Grass",75,17,6,94,0.352941176470588,0.797872340425532,27.4183562287272,NA,0,94,0,0,0.516270337922403,14.1552840354818,14.1552840354818
2017,23,"W","Agoseris heterophylla",-0.876427664975023,-0.715725194710067,-2.31764141783942,"Grass",84,15,6,94,0.4,0.893617021276596,11.1350919283334,70,0,94,0,0,0.536170212765957,5.970304608383,5.970304608383
2017,23,"W","Clarkia purpurea",0.605290877224273,0.563663236086071,1.08410568900997,"No Grass",30,15,2,30,0.133333333333333,1,8.34883637028,NA,29,96,0.302083333333333,0,0.866666666666667,7.235658187576,7.235658187576
2017,23,"W","Clarkia purpurea",0.605290877224273,0.563663236086071,1.08410568900997,"Grass",17,15,11,30,0.733333333333333,0.566666666666667,0.59977272775,70,29,96,0.302083333333333,0.130902777777778,0.151111111111111,0.0906323233044445,0.221535101082222
2017,23,"W","Hemizonia congesta",1.3751567558586,1.45479168058665,1.98798512973834,"Grass",15,15,6,32,0.4,0.46875,13.518375,70,9,48,0.1875,0.099609375,0.28125,3.80204296875,3.90165234375
2017,23,"W","Hemizonia congesta",1.3751567558586,1.45479168058665,1.98798512973834,"No Grass",32,15,2,32,0.133333333333333,1,18.90655,NA,9,48,0.1875,0,0.866666666666667,16.3856766666667,16.3856766666667
2017,23,"W","Lasthenia californica",-1.63466778080532,-2.17672412206952,-1.13506247561691,"Grass",45,15,2,100,0.133333333333333,0.45,15.4884178272727,70,29,100,0.29,0.1595,0.39,6.04048295263636,6.19998295263636
2017,23,"W","Lasthenia californica",-1.63466778080532,-2.17672412206952,-1.13506247561691,"No Grass",51,15,0,100,0,0.51,37.1033653728889,NA,29,100,0.29,0.1421,0.51,18.9227163401733,19.0648163401733
2017,23,"W","Plantago erecta",-1.01453268637674,0.102902256973463,0.0861268277326971,"No Grass",87,15,1,99,0.0666666666666667,0.878787878787879,10.3981981936,NA,80,99,0.808080808080808,0.0979491888582798,0.82020202020202,8.52862316485172,8.62657235371
2017,23,"W","Plantago erecta",-1.01453268637674,0.102902256973463,0.0861268277326971,"Grass",99,15,0,99,0,1,6.0954954928,70,80,99,0.808080808080808,0,1,6.0954954928,6.0954954928
2017,23,"W","Calycadenia pauciflora",1.54518049907422,0.771092143133398,1.73249998728004,"No Grass",12,15,4,31,0.266666666666667,0.387096774193548,7.137,NA,24,31,0.774193548387097,0.474505723204995,0.283870967741935,2.02598709677419,2.50049281997919
2017,23,"W","Calycadenia pauciflora",1.54518049907422,0.771092143133398,1.73249998728004,"Grass",28,15,7,31,0.466666666666667,0.903225806451613,8.1778125,70,24,31,0.774193548387097,0.0749219562955255,0.481720430107527,3.93941935483871,4.01434131113423
2017,29,"W","Agoseris heterophylla",-0.876427664975023,-0.715725194710067,-2.31764141783942,"No Grass",94,15,0,94,0,1,93.387935820923,NA,4,94,0.0425531914893617,0,1,93.387935820923,93.387935820923
2017,29,"W","Agoseris heterophylla",-0.876427664975023,-0.715725194710067,-2.31764141783942,"Grass",94,15,0,94,0,1,35.5595752029715,85,4,94,0.0425531914893617,0,1,35.5595752029715,35.5595752029715
2017,29,"W","Clarkia purpurea",0.605290877224273,0.563663236086071,1.08410568900997,"No Grass",10,14,6,30,0.428571428571429,0.333333333333333,7.23840000576,NA,30,96,0.3125,0.208333333333333,0.19047619047619,1.37874285824,1.58707619157333
2017,29,"W","Clarkia purpurea",0.605290877224273,0.563663236086071,1.08410568900997,"Grass",19,15,3,30,0.2,0.633333333333333,4.112727276,85,30,96,0.3125,0.114583333333333,0.506666666666667,2.08378181984,2.19836515317333
2017,29,"W","Hemizonia congesta",1.3751567558586,1.45479168058665,1.98798512973834,"Grass",13,15,9,32,0.6,0.40625,27.1518,85,13,48,0.270833333333333,0.160807291666666,0.1625,4.4121675,4.57297479166667
2017,29,"W","Hemizonia congesta",1.3751567558586,1.45479168058665,1.98798512973834,"No Grass",15,15,5,32,0.333333333333333,0.46875,26.173875,NA,13,48,0.270833333333333,0.143880208333333,0.3125,8.1793359375,8.32321614583334
2017,29,"W","Lasthenia californica",-1.63466778080532,-2.17672412206952,-1.13506247561691,"Grass",28,17,5,100,0.294117647058824,0.28,26.6005917075692,85,31,100,0.31,0.2232,0.197647058823529,5.25752871396662,5.48072871396662
2017,29,"W","Lasthenia californica",-1.63466778080532,-2.17672412206952,-1.13506247561691,"No Grass",16,16,8,100,0.5,0.16,20.7228708725714,NA,31,100,0.31,0.2604,0.08,1.65782966980572,1.91822966980572
2017,29,"W","Plantago erecta",-1.01453268637674,0.102902256973463,0.0861268277326971,"No Grass",86,15,1,99,0.0666666666666667,0.868686868686869,19.0036035952,NA,74,99,0.747474747474748,0.0981532496684012,0.810774410774411,15.4076355074888,15.5057887571572
2017,29,"W","Plantago erecta",-1.01453268637674,0.102902256973463,0.0861268277326971,"Grass",81,15,0,99,0,0.818181818181818,9.6810810768,85,74,99,0.747474747474748,0.135904499540863,0.818181818181818,7.92088451738182,8.05678901692268
2017,29,"W","Calycadenia pauciflora",1.54518049907422,0.771092143133398,1.73249998728004,"No Grass",16,15,15,31,1,0.516129032258065,2.17160505748522,NA,15,31,0.483870967741935,0.234131113423517,0,0,0.234131113423517
2017,29,"W","Calycadenia pauciflora",1.54518049907422,0.771092143133398,1.73249998728004,"Grass",9,9,9,31,1,0.290322580645161,NA,NA,15,31,0.483870967741935,0.343392299687825,0,NA,NA
2017,30,"C","Agoseris heterophylla",-0.876427664975023,-0.715725194710067,-2.31764141783942,"No Grass",94,15,2,94,0.133333333333333,1,68.7088196225445,NA,2,94,0.0212765957446809,0,0.866666666666667,59.5476436728719,59.5476436728719
2017,30,"C","Agoseris heterophylla",-0.876427664975023,-0.715725194710067,-2.31764141783942,"Grass",94,15,1,94,0.0666666666666667,1,24.8312550001834,75,2,94,0.0212765957446809,0,0.933333333333333,23.1758380001711,23.1758380001711
2017,30,"C","Clarkia purpurea",0.605290877224273,0.563663236086071,1.08410568900997,"No Grass",20,15,6,30,0.4,0.666666666666667,6.511818187,NA,32,96,0.333333333333333,0.111111111111111,0.4,2.6047272748,2.71583838591111
2017,30,"C","Clarkia purpurea",0.605290877224273,0.563663236086071,1.08410568900997,"Grass",11,15,2,30,0.133333333333333,0.366666666666667,7.3343636422,75,32,96,0.333333333333333,0.211111111111111,0.317777777777778,2.33069777963244,2.54180889074355
2017,30,"C","Hemizonia congesta",1.3751567558586,1.45479168058665,1.98798512973834,"Grass",9,17,6,32,0.352941176470588,0.28125,23.81535,75,13,48,0.270833333333333,0.194661458333333,0.181985294117647,4.33404347426471,4.52870493259804
2017,30,"C","Hemizonia congesta",1.3751567558586,1.45479168058665,1.98798512973834,"No Grass",27,15,6,32,0.4,0.84375,29.6829,NA,13,48,0.270833333333333,0.0423177083333333,0.50625,15.026968125,15.0692858333333
2017,30,"C","Lasthenia californica",-1.63466778080532,-2.17672412206952,-1.13506247561691,"Grass",28,18,3,100,0.166666666666667,0.28,27.4543269144,75,38,100,0.38,0.2736,0.233333333333333,6.40600961336,6.67960961336
2017,30,"C","Lasthenia californica",-1.63466778080532,-2.17672412206952,-1.13506247561691,"No Grass",24,15,2,100,0.133333333333333,0.24,16.4619755192727,NA,38,100,0.38,0.2888,0.208,3.42409090800872,3.71289090800872
2017,30,"C","Plantago erecta",-1.01453268637674,0.102902256973463,0.0861268277326971,"No Grass",99,15,0,99,0,1,8.6054054016,NA,75,99,0.757575757575758,0,1,8.6054054016,8.6054054016
2017,30,"C","Plantago erecta",-1.01453268637674,0.102902256973463,0.0861268277326971,"Grass",86,15,0,99,0,0.868686868686869,7.8882882848,75,75,99,0.757575757575758,0.0994796449341904,0.868686868686869,6.85245244942222,6.95193209435641
2017,30,"C","Calycadenia pauciflora",1.54518049907422,0.771092143133398,1.73249998728004,"No Grass",7,9,9,31,1,0.225806451612903,NA,NA,10,31,0.32258064516129,0.249739854318418,0,NA,NA
2017,30,"C","Calycadenia pauciflora",1.54518049907422,0.771092143133398,1.73249998728004,"Grass",4,4,4,31,1,0.129032258064516,NA,NA,10,31,0.32258064516129,0.28095733610822,0,NA,NA
2017,37,"W","Agoseris heterophylla",-0.876427664975023,-0.715725194710067,-2.31764141783942,"No Grass",45,15,5,94,0.333333333333333,0.478723404255319,12.9803357336,NA,0,94,0,0,0.319148936170213,4.14266034051064,4.14266034051064
2017,37,"W","Agoseris heterophylla",-0.876427664975023,-0.715725194710067,-2.31764141783942,"Grass",30,16,12,94,0.75,0.319148936170213,14.0438506361428,80,0,94,0,0,0.0797872340425532,1.12051999756459,1.12051999756459
2017,37,"W","Clarkia purpurea",0.605290877224273,0.563663236086071,1.08410568900997,"No Grass",10,16,8,30,0.5,0.333333333333333,4.553376627,NA,44,96,0.458333333333333,0.305555555555555,0.166666666666667,0.758896104500001,1.06445166005556
2017,37,"W","Clarkia purpurea",0.605290877224273,0.563663236086071,1.08410568900997,"Grass",9,11,11,30,1,0.3,NA,NA,44,96,0.458333333333333,0.320833333333333,0,NA,NA
2017,37,"W","Hemizonia congesta",1.3751567558586,1.45479168058665,1.98798512973834,"Grass",13,16,5,32,0.3125,0.40625,17.4876,80,7,48,0.145833333333333,0.0865885416666665,0.279296875,4.88423203125,4.97082057291667
2017,37,"W","Hemizonia congesta",1.3751567558586,1.45479168058665,1.98798512973834,"No Grass",10,15,4,32,0.266666666666667,0.3125,13.69095,NA,7,48,0.145833333333333,0.100260416666666,0.229166666666667,3.137509375,3.23776979166667
2017,37,"W","Lasthenia californica",-1.63466778080532,-2.17672412206952,-1.13506247561691,"Grass",17,17,2,100,0.117647058823529,0.17,22.2295673006666,80,25,100,0.25,0.2075,0.15,3.3344350951,3.5419350951
2017,37,"W","Lasthenia californica",-1.63466778080532,-2.17672412206952,-1.13506247561691,"No Grass",31,15,0,100,0,0.31,20.1201923013334,NA,25,100,0.25,0.1725,0.31,6.23725961341334,6.40975961341334
2017,37,"W","Plantago erecta",-1.01453268637674,0.102902256973463,0.0861268277326971,"No Grass",74,15,0,99,0,0.747474747474748,12.9081081024,NA,78,99,0.787878787878788,0.198959289868381,0.747474747474748,9.64848484421818,9.84744413408656
2017,37,"W","Plantago erecta",-1.01453268637674,0.102902256973463,0.0861268277326971,"Grass",65,15,0,99,0,0.656565656565657,8.2468468432,80,78,99,0.787878787878788,0.270584634220998,0.656565656565657,5.41459641220202,5.68518104642302
2017,37,"W","Calycadenia pauciflora",1.54518049907422,0.771092143133398,1.73249998728004,"No Grass",20,15,9,31,0.6,0.645161290322581,8.46925972419233,NA,19,31,0.612903225806452,0.217481789802289,0.258064516129032,2.18561541269479,2.40309720249708
2017,37,"W","Calycadenia pauciflora",1.54518049907422,0.771092143133398,1.73249998728004,"Grass",12,12,6,31,0.5,0.387096774193548,4.32545454545455,80,19,31,0.612903225806452,0.375650364203954,0.193548387096774,0.837184750733138,1.21283511493709
2017,49,"W","Agoseris heterophylla",-0.876427664975023,-0.715725194710067,-2.31764141783942,"No Grass",55,19,13,94,0.684210526315789,0.585106382978723,18.3251798592,NA,0,94,0,0,0.184770436730123,3.38595148574244,3.38595148574244
2017,49,"W","Agoseris heterophylla",-0.876427664975023,-0.715725194710067,-2.31764141783942,"Grass",83,16,3,94,0.1875,0.882978723404255,22.1429256632,120,0,94,0,0,0.717420212765957,15.8857824405537,15.8857824405537
2017,49,"W","Clarkia purpurea",0.605290877224273,0.563663236086071,1.08410568900997,"No Grass",29,17,2,30,0.117647058823529,0.966666666666667,12.0720641807294,NA,34,96,0.354166666666667,0.0118055555555556,0.852941176470588,10.2967606247398,10.3085661802953
2017,49,"W","Clarkia purpurea",0.605290877224273,0.563663236086071,1.08410568900997,"Grass",16,15,5,30,0.333333333333333,0.533333333333333,2.1591818199,120,34,96,0.354166666666667,0.165277777777778,0.355555555555556,0.76770909152,0.932986869297778
2017,49,"W","Hemizonia congesta",1.3751567558586,1.45479168058665,1.98798512973834,"Grass",28,15,0,32,0,0.875,16.874,120,7,48,0.145833333333333,0.0182291666666666,0.875,14.76475,14.7829791666667
2017,49,"W","Hemizonia congesta",1.3751567558586,1.45479168058665,1.98798512973834,"No Grass",29,15,1,32,0.0666666666666667,0.90625,24.9275,NA,7,48,0.145833333333333,0.013671875,0.845833333333333,21.0845104166667,21.0981822916667
2017,49,"W","Lasthenia californica",-1.63466778080532,-2.17672412206952,-1.13506247561691,"Grass",26,15,0,100,0,0.26,14.8280325396923,120,20,100,0.2,0.148,0.26,3.85528846031999,4.00328846031999
2017,49,"W","Lasthenia californica",-1.63466778080532,-2.17672412206952,-1.13506247561691,"No Grass",24,15,0,100,0,0.24,48.3858172924,NA,20,100,0.2,0.152,0.24,11.612596150176,11.764596150176
2017,49,"W","Plantago erecta",-1.01453268637674,0.102902256973463,0.0861268277326971,"No Grass",77,15,0,99,0,0.777777777777778,20.4378378288,NA,74,99,0.747474747474748,0.166105499438833,0.777777777777778,15.8960960890667,16.0622015885055
2017,49,"W","Plantago erecta",-1.01453268637674,0.102902256973463,0.0861268277326971,"Grass",65,15,0,99,0,0.656565656565657,8.2468468432,120,74,99,0.747474747474748,0.256708499132742,0.656565656565657,5.41459641220202,5.67130491133476
2017,49,"W","Calycadenia pauciflora",1.54518049907422,0.771092143133398,1.73249998728004,"No Grass",19,15,9,31,0.6,0.612903225806452,2.69925,NA,21,31,0.67741935483871,0.262226847034339,0.245161290322581,0.661751612903226,0.923978459937565
2017,49,"W","Calycadenia pauciflora",1.54518049907422,0.771092143133398,1.73249998728004,"Grass",12,13,0,31,0,0.387096774193548,11.8035,120,21,31,0.67741935483871,0.415192507804371,0.387096774193548,4.56909677419355,4.98428928199792
2017,50,"C","Agoseris heterophylla",-0.876427664975023,-0.715725194710067,-2.31764141783942,"No Grass",94,15,4,94,0.266666666666667,1,11.7713828956666,NA,0,94,0,0,0.733333333333333,8.6323474568222,8.6323474568222
2017,50,"C","Agoseris heterophylla",-0.876427664975023,-0.715725194710067,-2.31764141783942,"Grass",63,16,1,94,0.0625,0.670212765957447,20.6794564383334,95,0,94,0,0,0.628324468085106,12.9934084669049,12.9934084669049
2017,50,"C","Clarkia purpurea",0.605290877224273,0.563663236086071,1.08410568900997,"No Grass",28,15,9,30,0.6,0.933333333333333,6.4775454597,NA,41,96,0.427083333333333,0.0284722222222222,0.373333333333333,2.418283638288,2.44675586051022
2017,50,"C","Clarkia purpurea",0.605290877224273,0.563663236086071,1.08410568900997,"Grass",15,15,12,30,0.8,0.5,NA,NA,41,96,0.427083333333333,0.213541666666666,0.1,NA,NA
2017,50,"C","Hemizonia congesta",1.3751567558586,1.45479168058665,1.98798512973834,"Grass",20,15,2,32,0.133333333333333,0.625,18.120375,95,24,48,0.5,0.1875,0.541666666666667,9.815203125,10.002703125
2017,50,"C","Hemizonia congesta",1.3751567558586,1.45479168058665,1.98798512973834,"No Grass",14,15,10,32,0.666666666666667,0.4375,7.2865,NA,24,48,0.5,0.28125,0.145833333333333,1.06261458333333,1.34386458333333
2017,50,"C","Lasthenia californica",-1.63466778080532,-2.17672412206952,-1.13506247561691,"Grass",29,15,0,100,0,0.29,4.381009614,95,43,100,0.43,0.3053,0.29,1.27049278806,1.57579278806
2017,50,"C","Lasthenia californica",-1.63466778080532,-2.17672412206952,-1.13506247561691,"No Grass",46,15,0,100,0,0.46,10.5144230736,NA,43,100,0.43,0.2322,0.46,4.836634613856,5.068834613856
2017,50,"C","Plantago erecta",-1.01453268637674,0.102902256973463,0.0861268277326971,"No Grass",99,15,0,99,0,1,5.7369369344,NA,69,99,0.696969696969697,0,1,5.7369369344,5.7369369344
2017,50,"C","Plantago erecta",-1.01453268637674,0.102902256973463,0.0861268277326971,"Grass",61,15,0,99,0,0.616161616161616,6.8126126096,95,69,99,0.696969696969697,0.267523722069177,0.616161616161616,4.19767039581414,4.46519411788332
2017,50,"C","Calycadenia pauciflora",1.54518049907422,0.771092143133398,1.73249998728004,"No Grass",24,15,11,31,0.733333333333333,0.774193548387097,11.2958928571429,NA,25,31,0.806451612903226,0.18210197710718,0.206451612903226,2.33205529953917,2.51415727664635
2017,50,"C","Calycadenia pauciflora",1.54518049907422,0.771092143133398,1.73249998728004,"Grass",19,15,8,31,0.533333333333333,0.612903225806452,13.13025,95,25,31,0.806451612903226,0.312174817898023,0.286021505376344,3.75553387096774,4.06770868886576
2017,55,"W","Agoseris heterophylla",-0.876427664975023,-0.715725194710067,-2.31764141783942,"No Grass",79,15,0,94,0,0.840425531914894,19.6760745283077,NA,0,94,0,0,0.840425531914894,16.5362754014501,16.5362754014501
2017,55,"W","Agoseris heterophylla",-0.876427664975023,-0.715725194710067,-2.31764141783942,"Grass",79,15,1,94,0.0666666666666667,0.840425531914894,9.71789841018184,40,0,94,0,0,0.784397163120567,7.6226919444405,7.6226919444405
2017,55,"W","Clarkia purpurea",0.605290877224273,0.563663236086071,1.08410568900997,"No Grass",26,16,9,30,0.5625,0.866666666666667,2.6047272748,NA,28,96,0.291666666666667,0.0388888888888889,0.379166666666667,0.987625758361667,1.02651464725056
2017,55,"W","Clarkia purpurea",0.605290877224273,0.563663236086071,1.08410568900997,"Grass",20,15,12,30,0.8,0.666666666666667,1.48515151633333,40,28,96,0.291666666666667,0.0972222222222223,0.133333333333333,0.198020202177778,0.2952424244
2017,55,"W","Hemizonia congesta",1.3751567558586,1.45479168058665,1.98798512973834,"Grass",32,15,4,32,0.266666666666667,1,9.39575,40,12,48,0.25,0,0.733333333333333,6.89021666666667,6.89021666666667
2017,55,"W","Hemizonia congesta",1.3751567558586,1.45479168058665,1.98798512973834,"No Grass",29,16,1,32,0.0625,0.90625,2.2243,NA,12,48,0.25,0.0234375,0.849609375,1.8897861328125,1.9132236328125
2017,55,"W","Lasthenia californica",-1.63466778080532,-2.17672412206952,-1.13506247561691,"Grass",20,15,1,100,0.0666666666666667,0.2,5.46690088584615,40,48,100,0.48,0.384,0.186666666666667,1.02048816535795,1.40448816535795
2017,55,"W","Lasthenia californica",-1.63466778080532,-2.17672412206952,-1.13506247561691,"No Grass",18,16,1,100,0.0625,0.18,17.2644230714666,NA,48,100,0.48,0.3936,0.16875,2.91337139330999,3.30697139330999
2017,55,"W","Plantago erecta",-1.01453268637674,0.102902256973463,0.0861268277326971,"No Grass",68,15,0,99,0,0.686868686868687,3.585585584,NA,71,99,0.717171717171717,0.224568921538618,0.686868686868687,2.46282646173737,2.68739538327599
2017,55,"W","Plantago erecta",-1.01453268637674,0.102902256973463,0.0861268277326971,"Grass",67,15,1,99,0.0666666666666667,0.676767676767677,6.4540540512,40,71,99,0.717171717171717,0.231813080297929,0.631649831649832,4.07670215489939,4.30851523519732
2017,55,"W","Calycadenia pauciflora",1.54518049907422,0.771092143133398,1.73249998728004,"No Grass",14,14,12,31,0.857142857142857,0.451612903225806,NA,NA,15,31,0.483870967741935,0.265348595213319,0.0645161290322581,NA,NA
2017,55,"W","Calycadenia pauciflora",1.54518049907422,0.771092143133398,1.73249998728004,"Grass",20,15,10,31,0.666666666666667,0.645161290322581,1.62870379311391,40,15,31,0.483870967741935,0.171696149843912,0.21505376344086,0.350258880239551,0.521955030083463
2017,56,"C","Agoseris heterophylla",-0.876427664975023,-0.715725194710067,-2.31764141783942,"No Grass",74,15,1,94,0.0666666666666667,0.787234042553192,34.7414868164,NA,0,94,0,0,0.734751773049645,25.5263690367308,25.5263690367308
2017,56,"C","Agoseris heterophylla",-0.876427664975023,-0.715725194710067,-2.31764141783942,"Grass",93,15,0,94,0,0.98936170212766,19.6093307205454,80,0,94,0,0,0.98936170212766,19.400720819263,19.400720819263
2017,56,"C","Clarkia purpurea",0.605290877224273,0.563663236086071,1.08410568900997,"No Grass",18,15,8,30,0.533333333333333,0.6,1.99924242583333,NA,29,96,0.302083333333333,0.120833333333333,0.28,0.559787879233333,0.680621212566666
2017,56,"C","Clarkia purpurea",0.605290877224273,0.563663236086071,1.08410568900997,"Grass",9,11,6,30,0.545454545454545,0.3,1.0967272736,80,29,96,0.302083333333333,0.211458333333333,0.136363636363636,0.149553719127273,0.361012052460606
2017,56,"C","Hemizonia congesta",1.3751567558586,1.45479168058665,1.98798512973834,"Grass",30,15,0,32,0,0.9375,13.1157,80,5,48,0.104166666666667,0.00651041666666669,0.9375,12.29596875,12.3024791666667
2017,56,"C","Hemizonia congesta",1.3751567558586,1.45479168058665,1.98798512973834,"No Grass",28,15,3,32,0.2,0.875,13.69095,NA,5,48,0.104166666666667,0.0130208333333334,0.7,9.583665,9.59668583333333
2017,56,"C","Lasthenia californica",-1.63466778080532,-2.17672412206952,-1.13506247561691,"Grass",12,12,1,100,0.0833333333333333,0.12,6.97716345933334,80,40,100,0.4,0.352,0.11,0.767487980526667,1.11948798052667
2017,56,"C","Lasthenia californica",-1.63466778080532,-2.17672412206952,-1.13506247561691,"No Grass",35,15,0,100,0,0.35,14.5338255448571,NA,40,100,0.4,0.26,0.35,5.08683894069999,5.34683894069999
2017,56,"C","Plantago erecta",-1.01453268637674,0.102902256973463,0.0861268277326971,"No Grass",96,15,0,99,0,0.96969696969697,11.8324324272,NA,65,99,0.656565656565657,0.0198959289868381,0.96969696969697,11.4738738688,11.4937697977868
2017,56,"C","Plantago erecta",-1.01453268637674,0.102902256973463,0.0861268277326971,"Grass",60,15,0,99,0,0.606060606060606,10.756756752,80,65,99,0.656565656565657,0.258647076828895,0.606060606060606,6.51924651636364,6.77789359319253
2017,56,"C","Calycadenia pauciflora",1.54518049907422,0.771092143133398,1.73249998728004,"No Grass",8,8,4,31,0.5,0.258064516129032,1.62870379311391,NA,11,31,0.354838709677419,0.263267429760666,0.129032258064516,0.210155328143731,0.473422757904396
2017,56,"C","Calycadenia pauciflora",1.54518049907422,0.771092143133398,1.73249998728004,"Grass",15,15,11,31,0.733333333333333,0.483870967741935,3.66,80,11,31,0.354838709677419,0.183142559833507,0.129032258064516,0.472258064516129,0.655400624349636
2017,59,"W","Agoseris heterophylla",-0.876427664975023,-0.715725194710067,-2.31764141783942,"No Grass",78,15,0,94,0,0.829787234042553,30.541966432,NA,1,94,0.0106382978723404,0.00181077410593028,0.829787234042553,25.3433338478298,25.3451446219357
2017,59,"W","Agoseris heterophylla",-0.876427664975023,-0.715725194710067,-2.31764141783942,"Grass",90,15,0,94,0,0.957446808510638,13.8393285395,100,1,94,0.0106382978723404,0.00045269352648257,0.957446808510638,13.2504209420745,13.2508736356009
2017,59,"W","Clarkia purpurea",0.605290877224273,0.563663236086071,1.08410568900997,"No Grass",7,10,6,30,0.6,0.233333333333333,3.770000003,NA,24,96,0.25,0.191666666666667,0.0933333333333333,0.351866666946667,0.543533333613333
2017,59,"W","Clarkia purpurea",0.605290877224273,0.563663236086071,1.08410568900997,"Grass",7,9,8,30,0.888888888888889,0.233333333333333,0.342727273,100,24,96,0.25,0.191666666666667,0.0259259259259259,0.0088855218925926,0.200552188559259
2017,59,"W","Hemizonia congesta",1.3751567558586,1.45479168058665,1.98798512973834,"Grass",32,15,6,32,0.4,1,6.7496,100,13,48,0.270833333333333,0,0.6,4.04976,4.04976
2017,59,"W","Hemizonia congesta",1.3751567558586,1.45479168058665,1.98798512973834,"No Grass",10,15,8,32,0.533333333333333,0.3125,12.482925,NA,13,48,0.270833333333333,0.186197916666666,0.145833333333333,1.8204265625,2.00662447916667
2017,59,"W","Lasthenia californica",-1.63466778080532,-2.17672412206952,-1.13506247561691,"Grass",39,15,0,100,0,0.39,22.1322115314666,100,58,100,0.58,0.3538,0.39,8.63156249727199,8.98536249727199
2017,59,"W","Lasthenia californica",-1.63466778080532,-2.17672412206952,-1.13506247561691,"No Grass",22,15,0,100,0,0.22,74.9152643994,NA,58,100,0.58,0.4524,0.22,16.481358167868,16.933758167868
2017,59,"W","Plantago erecta",-1.01453268637674,0.102902256973463,0.0861268277326971,"No Grass",67,15,0,99,0,0.676767676767677,7.171171168,NA,85,99,0.858585858585859,0.277522701765126,0.676767676767677,4.85321685107071,5.13073955283583
2017,59,"W","Plantago erecta",-1.01453268637674,0.102902256973463,0.0861268277326971,"Grass",76,15,0,99,0,0.767676767676768,5.378378376,100,85,99,0.858585858585859,0.199469441893684,0.767676767676768,4.1288561270303,4.32832556892399
2017,59,"W","Calycadenia pauciflora",1.54518049907422,0.771092143133398,1.73249998728004,"No Grass",10,11,8,31,0.727272727272727,0.32258064516129,8.1778125,NA,13,31,0.419354838709677,0.284079084287201,0.0879765395894428,0.71945564516129,1.00353472944849
2017,59,"W","Calycadenia pauciflora",1.54518049907422,0.771092143133398,1.73249998728004,"Grass",17,16,14,31,0.875,0.548387096774194,0.305,100,13,31,0.419354838709677,0.189386056191467,0.0685483870967742,0.0209072580645161,0.210293314255983
2017,82,"C","Agoseris heterophylla",-0.876427664975023,-0.715725194710067,-2.31764141783942,"No Grass",77,16,2,94,0.125,0.819148936170213,55.2936850612666,NA,0,94,0,0,0.716755319148936,39.6320428830089,39.6320428830089
2017,82,"C","Agoseris heterophylla",-0.876427664975023,-0.715725194710067,-2.31764141783942,"Grass",68,18,5,94,0.277777777777778,0.723404255319149,87.808153492,45,0,94,0,0,0.522458628841608,45.8761274745437,45.8761274745437
2017,82,"C","Clarkia purpurea",0.605290877224273,0.563663236086071,1.08410568900997,"No Grass",14,15,14,30,0.933333333333333,0.466666666666667,NA,NA,39,96,0.40625,0.216666666666667,0.0311111111111111,NA,NA
2017,82,"C","Clarkia purpurea",0.605290877224273,0.563663236086071,1.08410568900997,"Grass",26,15,12,30,0.8,0.866666666666667,0.685454546,45,39,96,0.40625,0.0541666666666667,0.173333333333333,0.118812121306667,0.172978787973333
2017,82,"C","Hemizonia congesta",1.3751567558586,1.45479168058665,1.98798512973834,"Grass",10,14,9,32,0.642857142857143,0.3125,8.9739,45,9,48,0.1875,0.12890625,0.111607142857143,1.00155133928571,1.13045758928571
2017,82,"C","Hemizonia congesta",1.3751567558586,1.45479168058665,1.98798512973834,"No Grass",8,10,2,32,0.2,0.25,NA,NA,9,48,0.1875,0.140625,0.2,NA,NA
2017,82,"C","Lasthenia californica",-1.63466778080532,-2.17672412206952,-1.13506247561691,"Grass",48,16,4,100,0.25,0.48,32.0824704040616,45,30,100,0.3,0.156,0.36,11.5496893454622,11.7056893454622
2017,82,"C","Lasthenia californica",-1.63466778080532,-2.17672412206952,-1.13506247561691,"No Grass",71,24,9,100,0.375,0.71,71.3756867906286,NA,30,100,0.3,0.087,0.44375,31.6729610133414,31.7599610133414
2017,82,"C","Plantago erecta",-1.01453268637674,0.102902256973463,0.0861268277326971,"No Grass",21,20,12,99,0.6,0.212121212121212,13.9837837776,NA,64,99,0.646464646464647,0.509335782063055,0.0848484848484849,1.18650286597818,1.69583864804124
2017,82,"C","Plantago erecta",-1.01453268637674,0.102902256973463,0.0861268277326971,"Grass",87,18,4,99,0.222222222222222,0.878787878787879,5.7369369344,45,64,99,0.646464646464647,0.0783593510866239,0.683501683501683,3.92120605280539,3.99956540389201
2017,82,"C","Calycadenia pauciflora",1.54518049907422,0.771092143133398,1.73249998728004,"No Grass",21,15,3,31,0.2,0.67741935483871,NA,NA,9,31,0.290322580645161,0.0936524453694068,0.541935483870968,NA,NA
2017,82,"C","Calycadenia pauciflora",1.54518049907422,0.771092143133398,1.73249998728004,"Grass",17,15,12,31,0.8,0.548387096774194,26.7226923076923,45,9,31,0.290322580645161,0.131113423517169,0.109677419354839,2.93087593052109,3.06198935403826
2017,84,"C","Agoseris heterophylla",-0.876427664975023,-0.715725194710067,-2.31764141783942,"No Grass",82,15,0,94,0,0.872340425531915,32.8485211885834,NA,1,94,0.0106382978723404,0.00135808057944771,0.872340425531915,28.6550929517429,28.6564510323224
2017,84,"C","Agoseris heterophylla",-0.876427664975023,-0.715725194710067,-2.31764141783942,"Grass",94,16,4,94,0.25,1,23.264388493125,50,1,94,0.0106382978723404,0,0.75,17.4482913698438,17.4482913698438
2017,84,"C","Clarkia purpurea",0.605290877224273,0.563663236086071,1.08410568900997,"No Grass",17,15,8,30,0.533333333333333,0.566666666666667,7.14586364205,NA,28,96,0.291666666666667,0.126388888888889,0.264444444444444,1.88968394089767,2.01607282978656
2017,84,"C","Clarkia purpurea",0.605290877224273,0.563663236086071,1.08410568900997,"Grass",15,14,11,30,0.785714285714286,0.5,4.455454549,50,28,96,0.291666666666667,0.145833333333334,0.107142857142857,0.47737013025,0.623203463583334
2017,84,"C","Hemizonia congesta",1.3751567558586,1.45479168058665,1.98798512973834,"Grass",10,13,4,32,0.307692307692308,0.3125,10.718825,50,22,48,0.458333333333333,0.315104166666666,0.216346153846154,2.3189765625,2.63408072916667
2017,84,"C","Hemizonia congesta",1.3751567558586,1.45479168058665,1.98798512973834,"No Grass",28,15,4,32,0.266666666666667,0.875,5.5224,NA,22,48,0.458333333333333,0.0572916666666666,0.641666666666667,3.54354,3.60083166666667
2017,84,"C","Lasthenia californica",-1.63466778080532,-2.17672412206952,-1.13506247561691,"Grass",64,15,0,100,0,0.64,15.0576923029334,50,63,100,0.63,0.2268,0.64,9.63692307387736,9.86372307387736
2017,84,"C","Lasthenia californica",-1.63466778080532,-2.17672412206952,-1.13506247561691,"No Grass",56,15,0,100,0,0.56,5.03004807533334,NA,63,100,0.63,0.2772,0.56,2.81682692218667,3.09402692218667
2017,84,"C","Plantago erecta",-1.01453268637674,0.102902256973463,0.0861268277326971,"No Grass",69,15,0,99,0,0.696969696969697,7.5297297264,NA,76,99,0.767676767676768,0.232629323538415,0.696969696969697,5.24799344567273,5.48062276921114
2017,84,"C","Plantago erecta",-1.01453268637674,0.102902256973463,0.0861268277326971,"Grass",72,15,1,99,0.0666666666666667,0.727272727272727,3.585585584,50,76,99,0.767676767676768,0.209366391184573,0.678787878787879,2.43385203277576,2.64321842396033
2017,84,"C","Calycadenia pauciflora",1.54518049907422,0.771092143133398,1.73249998728004,"No Grass",6,9,5,31,0.555555555555556,0.193548387096774,15.8327678571429,NA,24,31,0.774193548387097,0.624349635796046,0.0860215053763441,1.36195852534562,1.98630816114167
2017,84,"C","Calycadenia pauciflora",1.54518049907422,0.771092143133398,1.73249998728004,"Grass",8,9,4,31,0.444444444444444,0.258064516129032,31.06425,50,24,31,0.774193548387097,0.574401664932362,0.14336917562724,4.4536559139785,5.02805757891086
2017,86,"C","Agoseris heterophylla",-0.876427664975023,-0.715725194710067,-2.31764141783942,"No Grass",94,15,3,94,0.2,1,22.071342929375,NA,0,94,0,0,0.8,17.6570743435,17.6570743435
2017,86,"C","Agoseris heterophylla",-0.876427664975023,-0.715725194710067,-2.31764141783942,"Grass",94,15,0,94,0,1,38.17745804,40,0,94,0,0,1,38.17745804,38.17745804
2017,86,"C","Clarkia purpurea",0.605290877224273,0.563663236086071,1.08410568900997,"No Grass",4,8,6,30,0.75,0.133333333333333,1.1995454555,NA,18,96,0.1875,0.1625,0.0333333333333333,0.0399848485166667,0.202484848516667
2017,86,"C","Clarkia purpurea",0.605290877224273,0.563663236086071,1.08410568900997,"Grass",18,15,10,30,0.666666666666667,0.6,0.7540000006,40,18,96,0.1875,0.075,0.2,0.15080000012,0.22580000012
2017,86,"C","Hemizonia congesta",1.3751567558586,1.45479168058665,1.98798512973834,"Grass",16,15,5,32,0.333333333333333,0.5,28.666625,40,5,48,0.104166666666667,0.0520833333333335,0.333333333333333,9.55554166666667,9.607625
2017,86,"C","Hemizonia congesta",1.3751567558586,1.45479168058665,1.98798512973834,"No Grass",16,15,4,32,0.266666666666667,0.5,62.5872,NA,5,48,0.104166666666667,0.0520833333333335,0.366666666666667,22.94864,23.0007233333333
2017,86,"C","Lasthenia californica",-1.63466778080532,-2.17672412206952,-1.13506247561691,"Grass",85,15,0,100,0,0.85,90.6923076636445,40,28,100,0.28,0.042,0.85,77.0884615140978,77.1304615140978
2017,86,"C","Lasthenia californica",-1.63466778080532,-2.17672412206952,-1.13506247561691,"No Grass",48,15,0,100,0,0.48,63.2897156990609,NA,28,100,0.28,0.1456,0.48,30.3790635355492,30.5246635355492
2017,86,"C","Plantago erecta",-1.01453268637674,0.102902256973463,0.0861268277326971,"No Grass",74,15,0,99,0,0.747474747474748,7.5297297264,NA,70,99,0.707070707070707,0.178553208856239,0.747474747474748,5.62828282579394,5.80683603465018
2017,86,"C","Plantago erecta",-1.01453268637674,0.102902256973463,0.0861268277326971,"Grass",77,15,0,99,0,0.777777777777778,1.792792792,40,70,99,0.707070707070707,0.15712682379349,0.777777777777778,1.39439439377778,1.55152121757127
2017,86,"C","Calycadenia pauciflora",1.54518049907422,0.771092143133398,1.73249998728004,"No Grass",3,3,0,31,0,0.0967741935483871,16.9400342465754,NA,12,31,0.387096774193548,0.349635796045785,0.0967741935483871,1.63935815289439,1.98899394894017
2017,86,"C","Calycadenia pauciflora",1.54518049907422,0.771092143133398,1.73249998728004,"Grass",16,15,2,31,0.133333333333333,0.516129032258065,23.2959,40,12,31,0.387096774193548,0.187304890738814,0.447311827956989,10.4205316129032,10.607836503642
2017,92,"C","Agoseris heterophylla",-0.876427664975023,-0.715725194710067,-2.31764141783942,"No Grass",69,15,1,94,0.0666666666666667,0.734042553191489,87.6490807501666,NA,0,94,0,0,0.685106382978723,60.0489446841567,60.0489446841567
2017,92,"C","Agoseris heterophylla",-0.876427664975023,-0.715725194710067,-2.31764141783942,"Grass",51,15,5,94,0.333333333333333,0.542553191489362,12.407673863,100,0,94,0,0,0.361702127659574,4.48788203555319,4.48788203555319
2017,92,"C","Clarkia purpurea",0.605290877224273,0.563663236086071,1.08410568900997,"No Grass",25,23,21,30,0.91304347826087,0.833333333333333,4.455454549,NA,22,96,0.229166666666667,0.0381944444444445,0.0724637681159421,0.322859025289855,0.3610534697343
2017,92,"C","Clarkia purpurea",0.605290877224273,0.563663236086071,1.08410568900997,"Grass",25,16,7,30,0.4375,0.833333333333333,3.770000003,100,22,96,0.229166666666667,0.0381944444444445,0.46875,1.76718750140625,1.80538194585069
2017,92,"C","Hemizonia congesta",1.3751567558586,1.45479168058665,1.98798512973834,"Grass",32,16,7,32,0.4375,1,12.847492721519,100,21,48,0.4375,0,0.5625,7.22671465585442,7.22671465585442
2017,92,"C","Hemizonia congesta",1.3751567558586,1.45479168058665,1.98798512973834,"No Grass",32,15,6,32,0.4,1,7.8234,NA,21,48,0.4375,0,0.6,4.69404,4.69404
2017,92,"C","Lasthenia californica",-1.63466778080532,-2.17672412206952,-1.13506247561691,"Grass",50,16,1,100,0.0625,0.5,29.7475961444445,100,42,100,0.42,0.21,0.46875,13.9441856927084,14.1541856927084
2017,92,"C","Lasthenia californica",-1.63466778080532,-2.17672412206952,-1.13506247561691,"No Grass",48,16,3,100,0.1875,0.48,47.29543267736,NA,42,100,0.42,0.2184,0.39,18.4452187441704,18.6636187441704
2017,92,"C","Plantago erecta",-1.01453268637674,0.102902256973463,0.0861268277326971,"No Grass",72,15,0,99,0,0.727272727272727,17.5693693616,NA,63,99,0.636363636363636,0.173553719008264,0.727272727272727,12.7777231720727,12.951276891081
2017,92,"C","Plantago erecta",-1.01453268637674,0.102902256973463,0.0861268277326971,"Grass",50,15,0,99,0,0.505050505050505,6.8126126096,100,63,99,0.636363636363636,0.314967860422406,0.505050505050505,3.44071343919192,3.75568129961432
2017,92,"C","Calycadenia pauciflora",1.54518049907422,0.771092143133398,1.73249998728004,"No Grass",12,12,8,31,0.666666666666667,0.387096774193548,3.240625,NA,15,31,0.483870967741935,0.296566077003121,0.129032258064516,0.418145161290322,0.714711238293444
2017,92,"C","Calycadenia pauciflora",1.54518049907422,0.771092143133398,1.73249998728004,"Grass",10,10,5,31,0.5,0.32258064516129,1.22,100,15,31,0.483870967741935,0.327783558792924,0.161290322580645,0.196774193548387,0.524557752341311
2017,96,"C","Agoseris heterophylla",-0.876427664975023,-0.715725194710067,-2.31764141783942,"No Grass",56,17,3,94,0.176470588235294,0.595744680851064,112.256410275308,NA,0,94,0,0,0.490613266583229,55.074484140076,55.074484140076
2017,96,"C","Agoseris heterophylla",-0.876427664975023,-0.715725194710067,-2.31764141783942,"Grass",53,17,13,94,0.764705882352941,0.563829787234043,39.131894491,25,0,94,0,0,0.132665832290363,5.19146535174718,5.19146535174718
2017,96,"C","Clarkia purpurea",0.605290877224273,0.563663236086071,1.08410568900997,"No Grass",21,15,14,30,0.933333333333333,0.7,0.342727273,NA,36,96,0.375,0.1125,0.0466666666666667,0.0159939394066667,0.128493939406667
2017,96,"C","Clarkia purpurea",0.605290877224273,0.563663236086071,1.08410568900997,"Grass",7,11,10,30,0.909090909090909,0.233333333333333,NA,25,36,96,0.375,0.2875,0.0212121212121212,NA,NA
2017,96,"C","Hemizonia congesta",1.3751567558586,1.45479168058665,1.98798512973834,"Grass",32,16,8,32,0.5,1,11.1215,25,5,48,0.104166666666667,0,0.5,5.56075,5.56075
2017,96,"C","Hemizonia congesta",1.3751567558586,1.45479168058665,1.98798512973834,"No Grass",26,15,8,32,0.533333333333333,0.8125,12.943125,NA,5,48,0.104166666666667,0.0195312500000001,0.379166666666667,4.9076015625,4.9271328125
2017,96,"C","Lasthenia californica",-1.63466778080532,-2.17672412206952,-1.13506247561691,"Grass",36,15,2,100,0.133333333333333,0.36,30.667067298,25,43,100,0.43,0.2752,0.312,9.568124996976,9.843324996976
2017,96,"C","Lasthenia californica",-1.63466778080532,-2.17672412206952,-1.13506247561691,"No Grass",23,15,4,100,0.266666666666667,0.23,16.90096153312,NA,43,100,0.43,0.3311,0.168666666666667,2.85062884525291,3.18172884525291
2017,96,"C","Plantago erecta",-1.01453268637674,0.102902256973463,0.0861268277326971,"No Grass",81,15,0,99,0,0.818181818181818,19.720720712,NA,91,99,0.919191919191919,0.16712580348944,0.818181818181818,16.135135128,16.3022609314894
2017,96,"C","Plantago erecta",-1.01453268637674,0.102902256973463,0.0861268277326971,"Grass",67,15,0,99,0,0.676767676767677,11.1153153104,25,91,99,0.919191919191919,0.297112539536782,0.676767676767677,7.5224861191596,7.81959865869638
2017,96,"C","Calycadenia pauciflora",1.54518049907422,0.771092143133398,1.73249998728004,"No Grass",9,9,7,31,0.777777777777778,0.290322580645161,3.66,NA,18,31,0.580645161290323,0.412070759625391,0.0645161290322581,0.236129032258065,0.648199791883455
2017,96,"C","Calycadenia pauciflora",1.54518049907422,0.771092143133398,1.73249998728004,"Grass",6,6,6,31,1,0.193548387096774,4.88611137934173,25,18,31,0.580645161290323,0.468262226847035,0,0,0.468262226847035
2017,98,"C","Agoseris heterophylla",-0.876427664975023,-0.715725194710067,-2.31764141783942,"No Grass",23,18,10,94,0.555555555555556,0.24468085106383,13.0439648303334,NA,1,94,0.0106382978723404,0.00803531009506562,0.108747044917258,1.41849262930339,1.42652793939846
2017,98,"C","Agoseris heterophylla",-0.876427664975023,-0.715725194710067,-2.31764141783942,"Grass",43,18,7,94,0.388888888888889,0.457446808510638,16.9677591288889,80,1,94,0.0106382978723404,0.00577184246265277,0.279550827423168,4.7433511039979,4.74912294646056
2017,98,"C","Clarkia purpurea",0.605290877224273,0.563663236086071,1.08410568900997,"No Grass",11,10,10,30,1,0.366666666666667,NA,NA,32,96,0.333333333333333,0.211111111111111,0,NA,NA
2017,98,"C","Clarkia purpurea",0.605290877224273,0.563663236086071,1.08410568900997,"Grass",10,10,10,30,1,0.333333333333333,NA,80,32,96,0.333333333333333,0.222222222222222,0,NA,NA
2017,98,"C","Hemizonia congesta",1.3751567558586,1.45479168058665,1.98798512973834,"Grass",16,15,5,32,0.333333333333333,0.5,4.9855,80,27,48,0.5625,0.28125,0.333333333333333,1.66183333333333,1.94308333333333
2017,98,"C","Hemizonia congesta",1.3751567558586,1.45479168058665,1.98798512973834,"No Grass",12,15,9,32,0.6,0.375,11.7351,NA,27,48,0.5625,0.3515625,0.15,1.760265,2.1118275
2017,98,"C","Lasthenia californica",-1.63466778080532,-2.17672412206952,-1.13506247561691,"Grass",22,15,0,100,0,0.22,12.3780906554286,80,7,100,0.07,0.0546,0.22,2.72317994419428,2.77777994419428
2017,98,"C","Lasthenia californica",-1.63466778080532,-2.17672412206952,-1.13506247561691,"No Grass",25,15,4,100,0.266666666666667,0.25,16.550480764,NA,7,100,0.07,0.0525,0.183333333333333,3.03425480673333,3.08675480673333
2017,98,"C","Plantago erecta",-1.01453268637674,0.102902256973463,0.0861268277326971,"No Grass",81,15,0,99,0,0.818181818181818,1.792792792,NA,71,99,0.717171717171717,0.130394857667585,0.818181818181818,1.46683046618182,1.5972253238494
2017,98,"C","Plantago erecta",-1.01453268637674,0.102902256973463,0.0861268277326971,"Grass",99,15,0,99,0,1,3.585585584,80,71,99,0.717171717171717,0,1,3.585585584,3.585585584
2017,98,"C","Calycadenia pauciflora",1.54518049907422,0.771092143133398,1.73249998728004,"No Grass",12,13,11,31,0.846153846153846,0.387096774193548,2.17160505748522,NA,14,31,0.451612903225806,0.276795005202913,0.0595533498759305,0.129326355780757,0.406121360983671
2017,98,"C","Calycadenia pauciflora",1.54518049907422,0.771092143133398,1.73249998728004,"Grass",17,15,13,31,0.866666666666667,0.548387096774194,2.44,80,14,31,0.451612903225806,0.203954214360041,0.0731182795698924,0.178408602150537,0.382362816510579
